date,acre_feet,cubic_meters
1905-10-01,458528.0,565585117.44
1905-11-01,401644.0,495419841.12
1905-12-01,226871.0,279840841.08
1906-01-01,244314.0,301356432.72
1906-02-01,292534.0,360834838.32
1906-03-01,678174.0,836514065.52
1906-04-01,1204640.0,1485899347.2
1906-05-01,3635101.0,4483824381.4800005
1906-06-01,5014167.0,6184874711.16
1906-07-01,2950460.0,3639333400.8
1906-08-01,1605086.0,1979841479.28
1906-09-01,1503159.0,1854116563.32
1906-10-01,739807.0,912537138.36
1906-11-01,503006.0,620447840.88
1906-12-01,353312.0,435803285.76
1907-01-01,356760.0,440056324.8
1907-02-01,377349.0,465452444.52
1907-03-01,789130.0,973376072.4
1907-04-01,1465838.0,1808081856.24
1907-05-01,2702179.0,3333083752.92
1907-06-01,5967232.0,7360461327.36
1907-07-01,5103491.0,6295054078.68
1907-08-01,1920787.0,2369252348.76
1907-09-01,955414.0,1178484060.72
1907-10-01,608812.0,750957425.76
1907-11-01,377467.0,465597995.16
1907-12-01,268130.0,330732992.4
1908-01-01,276192.0,340677308.16
1908-02-01,379543.0,468158699.64
1908-03-01,664762.0,819970631.76
1908-04-01,1041224.0,1284328979.52
1908-05-01,1595614.0,1968157956.72
1908-06-01,2922360.0,3604672612.8
1908-07-01,1924283.0,2373564594.84
1908-08-01,1117477.0,1378385529.96
1908-09-01,598088.0,737729586.24
1908-10-01,483627.0,596544231.96
1908-11-01,395707.0,488096670.36
1908-12-01,312145.0,385024614.6
1909-01-01,378989.0,467475351.72
1909-02-01,317458.0,391578093.84000003
1909-03-01,763721.0,942034579.08
1909-04-01,1120492.0,1382104472.16
1909-05-01,3349297.0,4131290863.56
1909-06-01,7203254.0,8885069743.92
1909-07-01,4109919.0,5069502888.12
1909-08-01,1880422.0,2319462928.56
1909-09-01,1526396.0,1882778938.08
1909-10-01,680646.0,839563228.08
1909-11-01,489990.0,604392865.2
1909-12-01,377548.0,465697907.04
1910-01-01,289322.0,356872900.56
1910-02-01,493565.0,608802556.2
1910-03-01,1403871.0,1731646801.08
1910-04-01,1730475.0,2134506303.0
1910-05-01,3298793.0,4068995189.64
1910-06-01,3101705.0,3825891083.4
1910-07-01,1373125.0,1693722225.0
1910-08-01,866631.0,1068972005.88
1910-09-01,630999.0,778324646.52
1910-10-01,616468.0,760400948.64
1910-11-01,445769.0,549847146.12
1910-12-01,345922.0,426687868.56
1911-01-01,367374.0,453148481.52
1911-02-01,482597.0,595273747.5600001
1911-03-01,902111.0,1112735876.28
1911-04-01,951815.0,1174044766.2
1911-05-01,2924637.0,3607481246.76
1911-06-01,4124342.0,5087293370.16
1911-07-01,2353784.0,2903345488.32
1911-08-01,1016615.0,1253974270.2
1911-09-01,593647.0,732251701.5600001
1911-10-01,1138004.0,1403705173.92
1911-11-01,442055.0,545266001.4
1911-12-01,353041.0,435469012.68
1912-01-01,346041.0,426834652.68
1912-02-01,327037.0,403393598.76
1912-03-01,538143.0,663788627.64
1912-04-01,902408.0,1113102219.84
1912-05-01,3684152.0,4544327808.96
1912-06-01,6151096.0,7587253894.08
1912-07-01,3206236.0,3954827981.28
1912-08-01,1362372.0,1680458614.56
1912-09-01,631542.0,778994426.16
1912-10-01,636273.0,784830020.04
1912-11-01,533066.0,657526249.6800001
1912-12-01,305039.0,376259505.72
1913-01-01,354040.0,436701259.2
1913-02-01,314036.0,387357125.28000003
1913-03-01,523341.0,645530656.6800001
1913-04-01,1829662.0,2256851483.76
1913-05-01,3270773.0,4034433080.04
1913-06-01,3144987.0,3879278564.76
1913-07-01,1984477.0,2447812689.96
1913-08-01,874871.0,1079135881.08
1913-09-01,701627.0,865442871.96
1913-10-01,670352.0,826865784.96
1913-11-01,538369.0,664067394.12
1913-12-01,329845.0,406857210.6
1914-01-01,369539.0,455818965.72
1914-02-01,401134.0,494790766.32
1914-03-01,876055.0,1080596321.4
1914-04-01,1593815.0,1965938926.2
1914-05-01,4685651.0,5779656795.4800005
1914-06-01,6296012.0,7766004881.76
1914-07-01,3116693.0,3844378481.64
1914-08-01,1405438.0,1733579664.24
1914-09-01,783864.0,966880566.72
1914-10-01,964927.0,1190218155.96
1914-11-01,527355.0,650481845.4
1914-12-01,334330.0,412389368.40000004
1915-01-01,304134.0,375143206.32
1915-02-01,397336.0,490106009.28000003
1915-03-01,525839.0,648611889.72
1915-04-01,1483872.0,1830326434.56
1915-05-01,2427137.0,2993824946.76
1915-06-01,3642472.0,4492916362.56
1915-07-01,2147795.0,2649262176.6
1915-08-01,853538.0,1052822052.24
1915-09-01,528868.0,652348100.64
1915-10-01,557983.0,688260870.84
1915-11-01,411050.0,507021954.0
1915-12-01,343248.0,423389543.04
1916-01-01,393996.0,485986186.08
1916-02-01,424367.0,523448207.16
1916-03-01,1391402.0,1716266538.96
1916-04-01,1802735.0,2223637567.8
1916-05-01,3736188.0,4608513174.24
1916-06-01,4752149.0,5861680748.52
1916-07-01,2633061.0,3247828082.28
1916-08-01,1931864.0,2382915606.7200003
1916-09-01,809499.0,998500826.52
1916-10-01,1402792.0,1730315876.16
1916-11-01,495715.0,611454538.2
1916-12-01,369117.0,455298437.16
1917-01-01,260297.0,321071143.56
1917-02-01,351858.0,434009805.84000003
1917-03-01,506892.0,625241144.16
1917-04-01,1545288.0,1906081842.24
1917-05-01,3763312.0,4641970085.76
1917-06-01,7772051.0,9586669467.48
1917-07-01,4940893.0,6094492697.64
1917-08-01,1618992.0,1996994252.16
1917-09-01,822052.0,1013984700.96
1917-10-01,510346.0,629501584.08
1917-11-01,448052.0,552663180.96
1917-12-01,402771.0,496809973.08
1918-01-01,356293.0,439480289.64
1918-02-01,373570.0,460791123.6
1918-03-01,655998.0,809160413.04
1918-04-01,901047.0,1111423453.56
1918-05-01,2760606.0,3405152288.88
1918-06-01,5393082.0,6652258785.36
1918-07-01,2288860.0,2823263032.8
1918-08-01,968226.0,1194287406.48
1918-09-01,691873.0,853411508.04
1918-10-01,569909.0,702971353.32
1918-11-01,496385.0,612280969.8
1918-12-01,410088.0,505835346.24
1919-01-01,287188.0,354240654.24
1919-02-01,316951.0,390952719.48
1919-03-01,653288.0,805817682.24
1919-04-01,1414719.0,1745027592.1200001
1919-05-01,3231443.0,3985920311.64
1919-06-01,2597757.0,3204281304.36
1919-07-01,1537304.0,1896233737.92
1919-08-01,904499.0,1115681426.52
1919-09-01,531938.0,656134884.24
1919-10-01,377401.0,465516585.48
1919-11-01,404787.0,499296668.76
1919-12-01,394092.0,486104600.16
1920-01-01,406940.0,501952351.2
1920-02-01,601644.0,742115841.12
1920-03-01,685472.0,845516002.5600001
1920-04-01,983984.0,1213724584.32
1920-05-01,5917499.0,7299116666.52
1920-06-01,6993901.0,8626837005.48
1920-07-01,3165232.0,3904250367.36
1920-08-01,1376497.0,1697881519.56
1920-09-01,620527.0,765407643.96
1920-10-01,534996.0,659906866.08
1920-11-01,596367.0,735606767.16
1920-12-01,404572.0,499031470.56
1921-01-01,414071.0,510748297.08
1921-02-01,456635.0,563250139.8
1921-03-01,943676.0,1164005472.48
1921-04-01,930238.0,1147429968.24
1921-05-01,4180109.0,5156080849.32
1921-06-01,8467231.0,10444160093.880001
1921-07-01,2849389.0,3514664343.7200003
1921-08-01,1972571.0,2433126877.08
1921-09-01,953215.0,1175771638.2
1921-10-01,477741.0,589283968.6800001
1921-11-01,410812.0,506728385.76
1921-12-01,458713.0,565813311.24
1922-01-01,354102.0,436777734.96
1922-02-01,429948.0,530332259.04
1922-03-01,867877.0,1070508921.96
1922-04-01,1224473.0,1510362956.04
1922-05-01,4874849.0,6013028744.52
1922-06-01,5624070.0,6937177863.6
1922-07-01,2096584.0,2586094432.32
1922-08-01,1087967.0,1341985535.16
1922-09-01,617284.0,761407468.32
1922-10-01,327500.0,403964700.0
1922-11-01,391261.0,482612618.28000003
1922-12-01,400862.0,494455259.76
1923-01-01,369732.0,456057027.36
1923-02-01,336029.0,414485050.92
1923-03-01,427753.0,527624770.44
1923-04-01,1296746.0,1599510256.08
1923-05-01,4029114.0,4969831536.72
1923-06-01,5099406.0,6290015312.88
1923-07-01,2998439.0,3698514537.7200003
1923-08-01,1664755.0,2053441997.4
1923-09-01,985871.0,1216052161.08
1923-10-01,731926.0,902816082.48
1923-11-01,632012.0,779574161.76
1923-12-01,425855.0,525283625.40000004
1924-01-01,314158.0,387507609.84000003
1924-02-01,490542.0,605073746.16
1924-03-01,496310.0,612188458.8
1924-04-01,1658525.0,2045757417.0
1924-05-01,3384372.0,4174555174.56
1924-06-01,3828658.0,4722573069.84
1924-07-01,1628866.0,2009173633.68
1924-08-01,680819.0,839776620.12
1924-09-01,378899.0,467364338.52
1924-10-01,389461.0,480392354.28000003
1924-11-01,397899.0,490800458.52
1924-12-01,280177.0,345592725.96
1925-01-01,266334.0,328517662.32
1925-02-01,391292.0,482650856.16
1925-03-01,594432.0,733219983.36
1925-04-01,1469823.0,1812997274.04
1925-05-01,2624348.0,3237080771.04
1925-06-01,2913545.0,3593799486.6
1925-07-01,2042150.0,2518951182.0
1925-08-01,1005794.0,1240626783.1200001
1925-09-01,1139183.0,1405159446.84
1925-10-01,998383.0,1231485462.84
1925-11-01,604169.0,745230378.12
1925-12-01,456166.0,562671637.6800001
1926-01-01,367550.0,453365574.0
1926-02-01,360767.0,444998879.16
1926-03-01,616477.0,760412049.96
1926-04-01,1722211.0,2124312824.28
1926-05-01,3686355.0,4547045165.4
1926-06-01,4132000.0,5096739360.0
1926-07-01,1937082.0,2389351905.36
1926-08-01,916457.0,1130431380.3600001
1926-09-01,451009.0,556310581.32
1926-10-01,465656.0,574377362.88
1926-11-01,339146.0,418329808.08
1926-12-01,383708.0,473296143.84000003
1927-01-01,341604.0,421361701.92
1927-02-01,390123.0,481208918.04
1927-03-01,606873.0,748565708.04
1927-04-01,1369061.0,1688709362.28
1927-05-01,4348392.0,5363654564.16
1927-06-01,4127326.0,5090974074.4800005
1927-07-01,3040807.0,3750774618.36
1927-08-01,1263371.0,1558342861.08
1927-09-01,2013698.0,2483856209.04
1927-10-01,948204.0,1169590669.92
1927-11-01,738283.0,910657314.84
1927-12-01,458035.0,564977011.8
1928-01-01,457184.0,563927320.32
1928-02-01,454767.0,560945999.16
1928-03-01,777155.0,958605149.4
1928-04-01,1103775.0,1361484387.0
1928-05-01,4821916.0,5947736947.68
1928-06-01,4261452.0,5256415812.96
1928-07-01,2204925.0,2719730889.0
1928-08-01,998312.0,1231397885.76
1928-09-01,546594.0,674212767.12
1928-10-01,615502.0,759209406.96
1928-11-01,570122.0,703234084.5600001
1928-12-01,348705.0,430120643.40000004
1929-01-01,337118.0,415828310.64
1929-02-01,351565.0,433648396.2
1929-03-01,915700.0,1129497636.0
1929-04-01,1774777.0,2189151933.96
1929-05-01,4602167.0,5676680951.16
1929-06-01,5504354.0,6789510571.92
1929-07-01,2714041.0,3347715292.68
1929-08-01,2341485.0,2888174917.8
1929-09-01,1715620.0,2116182957.6000001
1929-10-01,956703.0,1180074016.44
1929-11-01,564438.0,696222984.24
1929-12-01,440904.0,543846265.92
1930-01-01,300711.0,370921004.28000003
1930-02-01,457920.0,564835161.6
1930-03-01,563639.0,695237433.72
1930-04-01,1862406.0,2297240552.88
1930-05-01,2225165.0,2744696524.2
1930-06-01,3694826.0,4557493974.4800005
1930-07-01,1617780.0,1995499274.4
1930-08-01,1792049.0,2210456600.52
1930-09-01,654030.0,806732924.4
1930-10-01,572750.0,706475670.0
1930-11-01,421345.0,519720630.6
1930-12-01,285543.0,352211579.64
1931-01-01,263522.0,325049116.56
1931-02-01,366317.0,451844693.16
1931-03-01,443955.0,547609613.4
1931-04-01,712221.0,878510359.08
1931-05-01,1515196.0,1868963962.08
1931-06-01,2105243.0,2596775135.64
1931-07-01,1117417.0,1378311521.16
1931-08-01,646449.0,797381912.52
1931-09-01,418724.0,516487679.52
1931-10-01,540290.0,666436909.2
1931-11-01,366047.0,451511653.56
1931-12-01,259509.0,320099161.32
1932-01-01,283166.0,349279597.68
1932-02-01,567584.0,700103512.32
1932-03-01,718988.0,886857318.24
1932-04-01,1774718.0,2189079158.64
1932-05-01,4465792.0,5508465116.16
1932-06-01,4265119.0,5260938984.12
1932-07-01,2612448.0,3222402359.04
1932-08-01,1298785.0,1602025321.8
1932-09-01,657063.0,810474069.24
1932-10-01,367933.0,453837996.84000003
1932-11-01,377363.0,465469713.24
1932-12-01,276082.0,340541625.36
1933-01-01,268596.0,331307794.08
1933-02-01,253914.0,313197840.72
1933-03-01,503603.0,621184228.44
1933-04-01,579969.0,715380162.12
1933-05-01,1743460.0,2150523040.8
1933-06-01,4801705.0,5922807083.4
1933-07-01,1823753.0,2249562850.44
1933-08-01,775347.0,956375017.5600001
1933-09-01,541019.0,667336116.12
1933-10-01,435826.0,537582654.48
1933-11-01,297560.0,367034308.8
1933-12-01,336431.0,414980909.88
1934-01-01,299475.0,369396423.0
1934-02-01,296945.0,366275718.6
1934-03-01,356855.0,440173505.40000004
1934-04-01,584844.0,721393377.12
1934-05-01,1509729.0,1862220526.92
1934-06-01,1012200.0,1248528456.0
1934-07-01,685711.0,845810804.28
1934-08-01,500747.0,617661409.5600001
1934-09-01,273377.0,337205061.96
1934-10-01,211958.0,261445953.84
1934-11-01,179678.0,221629219.44
1934-12-01,229039.0,282515025.72
1935-01-01,256895.0,316874844.6
1935-02-01,273633.0,337520832.84000003
1935-03-01,348946.0,430417912.08
1935-04-01,703982.0,868347717.36
1935-05-01,1659496.0,2046955126.08
1935-06-01,4722051.0,5824555467.4800005
1935-07-01,2171914.0,2679012480.7200003
1935-08-01,919185.0,1133796313.8
1935-09-01,572163.0,705751617.24
1935-10-01,385872.0,475965394.56
1935-11-01,321744.0,396864789.12
1935-12-01,272346.0,335933344.08
1936-01-01,268006.0,330580040.88
1936-02-01,320027.0,394746903.96
1936-03-01,467293.0,576396569.64
1936-04-01,1465536.0,1807709345.28
1936-05-01,4139077.0,5105468697.96
1936-06-01,3372480.0,4159886630.4
1936-07-01,1631641.0,2012596540.68
1936-08-01,1205683.0,1487185866.84
1936-09-01,671727.0,828561819.96
1936-10-01,368541.0,454587952.68
1936-11-01,433435.0,534633403.8
1936-12-01,317678.0,391849459.44
1937-01-01,201426.0,248454942.48
1937-02-01,410110.0,505862482.8
1937-03-01,658450.0,812184906.0
1937-04-01,1594216.0,1966433551.68
1937-05-01,3944714.0,4865725824.72
1937-06-01,2999795.0,3700187136.6
1937-07-01,1865597.0,2301176587.56
1937-08-01,797151.0,983269815.48
1937-09-01,568041.0,700667212.6800001
1937-10-01,497824.0,614055947.52
1937-11-01,378744.0,467173149.12
1937-12-01,387864.0,478422486.72
1938-01-01,328744.0,405499149.12
1938-02-01,352001.0,434186193.48
1938-03-01,773246.0,953783476.08
1938-04-01,1725164.0,2127955290.72
1938-05-01,3725399.0,4595205158.52
1938-06-01,5360852.0,6612503724.96
1938-07-01,2424331.0,2990363801.88
1938-08-01,960014.0,1184158068.72
1938-09-01,1004270.0,1238746959.6
1938-10-01,589216.0,726786151.6800001
1938-11-01,473004.0,583440973.92
1938-12-01,405653.0,500364862.44
1939-01-01,343228.0,423364873.44
1939-02-01,302236.0,372802061.28000003
1939-03-01,809777.0,998843733.96
1939-04-01,1250651.0,1542652995.48
1939-05-01,2975185.0,3669831193.8
1939-06-01,2268860.0,2798593432.8
1939-07-01,1050986.0,1296370211.28
1939-08-01,585937.0,722741570.76
1939-09-01,644975.0,795563763.0
1939-10-01,343706.0,423954476.88
1939-11-01,308677.0,380746905.96
1939-12-01,283053.0,349140214.44
1940-01-01,261698.0,322799249.04
1940-02-01,298277.0,367918713.96
1940-03-01,425689.0,525078867.72
1940-04-01,780974.0,963315809.52
1940-05-01,2559692.0,3157328888.16
1940-06-01,2218883.0,2736947802.84
1940-07-01,940183.0,1159696926.84
1940-08-01,494824.0,610355507.52
1940-09-01,507262.0,625697531.76
1940-10-01,721330.0,889746128.4
1940-11-01,407612.0,502781249.76
1940-12-01,365250.0,450528570.0
1941-01-01,350022.0,431745136.56
1941-02-01,416080.0,513226358.40000004
1941-03-01,668639.0,824752833.72
1941-04-01,1151420.0,1420253541.6
1941-05-01,5436441.0,6705741244.68
1941-06-01,4589254.0,5660753023.92
1941-07-01,2362403.0,2913976852.44
1941-08-01,1147302.0,1415174070.96
1941-09-01,653866.0,806530633.6800001
1941-10-01,1781828.0,2197849201.44
1941-11-01,893939.0,1102655877.72
1941-12-01,567742.0,700298402.16
1942-01-01,410239.0,506021601.72
1942-02-01,393794.0,485737023.12
1942-03-01,646388.0,797306670.24
1942-04-01,2925816.0,3608935519.68
1942-05-01,3586298.0,4423626857.04
1942-06-01,4839156.0,5969002142.88
1942-07-01,2019205.0,2490648983.4
1942-08-01,875590.0,1080022753.2
1942-09-01,393152.0,484945128.96
1942-10-01,346604.0,427529101.92
1942-11-01,365731.0,451121873.88
1942-12-01,361812.0,446287865.76
1943-01-01,339375.0,418612275.0
1943-02-01,336518.0,415088222.64
1943-03-01,523944.0,646274445.12
1943-04-01,1680079.0,2072343844.92
1943-05-01,2483874.0,3063808901.52
1943-06-01,3376876.0,4165309008.48
1943-07-01,2074446.0,2558787652.08
1943-08-01,1136590.0,1401961033.2
1943-09-01,587709.0,724927297.32
1943-10-01,373350.0,460519758.0
1943-11-01,429906.0,530280452.88
1943-12-01,373574.0,460796057.52
1944-01-01,286268.0,353105852.64
1944-02-01,336371.0,414906901.08
1944-03-01,470091.0,579847846.6800001
1944-04-01,1050492.0,1295760872.16
1944-05-01,3684541.0,4544807632.68
1944-06-01,4815628.0,5939980825.440001
1944-07-01,2462721.0,3037717099.08
1944-08-01,820700.0,1012317036.0
1944-09-01,319005.0,393486287.4
1944-10-01,368992.0,455144252.16
1944-11-01,372201.0,459102489.48
1944-12-01,309893.0,382246817.64
1945-01-01,328314.0,404968752.72
1945-02-01,348379.0,429718528.92
1945-03-01,417545.0,515033406.6
1945-04-01,804371.0,992175541.08
1945-05-01,3255617.0,4015738457.16
1945-06-01,3477253.0,4289122030.44
1945-07-01,2445270.0,3016191639.6
1945-08-01,1431286.0,1765462655.28
1945-09-01,481097.0,593423527.5600001
1945-10-01,521528.0,643294357.44
1945-11-01,429534.0,529821598.32
1945-12-01,317955.0,392191133.4
1946-01-01,338315.0,417304786.2
1946-02-01,308656.0,380721002.88
1946-03-01,497646.0,613836388.08
1946-04-01,1227261.0,1513801898.28
1946-05-01,1979996.0,2442285466.08
1946-06-01,2754017.0,3397024889.16
1946-07-01,1381140.0,1703608567.2
1946-08-01,814739.0,1004964261.72
1946-09-01,429471.0,529743889.08
1946-10-01,426221.0,525735079.08
1946-11-01,467621.0,576801151.08
1946-12-01,411605.0,507706535.40000004
1947-01-01,265012.0,326887001.76
1947-02-01,337511.0,416313068.28000003
1947-03-01,634786.0,782995835.28
1947-04-01,866015.0,1068212182.2
1947-05-01,3702981.0,4567553003.88
1947-06-01,3795350.0,4681488318.0
1947-07-01,2677593.0,3302757413.64
1947-08-01,1511965.0,1864978588.2
1947-09-01,754605.0,930790175.4
1947-10-01,822944.0,1015084965.12
1947-11-01,571046.0,704373820.08
1947-12-01,440793.0,543709349.64
1948-01-01,372936.0,460009097.28000003
1948-02-01,424395.0,523482744.6
1948-03-01,581990.0,717873025.2
1948-04-01,1708607.0,2107532562.3600001
1948-05-01,4108490.0,5067740245.2
1948-06-01,3909614.0,4822430676.72
1948-07-01,1611566.0,1987834429.68
1948-08-01,852879.0,1052009188.92
1948-09-01,356405.0,439618439.40000004
1948-10-01,353187.0,435649100.76
1948-11-01,395870.0,488297727.6
1948-12-01,349159.0,430680643.32
1949-01-01,323922.0,399551308.56
1949-02-01,341251.0,420926283.48
1949-03-01,673055.0,830199881.4
1949-04-01,1439252.0,1775288556.96
1949-05-01,3564293.0,4396484129.64
1949-06-01,5184556.0,6395046134.88
1949-07-01,2759686.0,3404017487.28
1949-08-01,948988.0,1170557718.24
1949-09-01,400298.0,493759577.04
1949-10-01,522751.0,644802903.48
1949-11-01,458617.0,565694897.16
1949-12-01,355922.0,439022668.56
1950-01-01,349824.0,431500907.52
1950-02-01,374692.0,462175088.16
1950-03-01,563807.0,695444658.36
1950-04-01,1281479.0,1580678716.92
1950-05-01,2239709.0,2762636257.32
1950-06-01,3862655.0,4764507689.4
1950-07-01,1950714.0,2406166704.7200003
1950-08-01,751542.0,927012026.16
1950-09-01,399789.0,493131735.72
1950-10-01,413820.0,510438693.6
1950-11-01,355486.0,438484871.28000003
1950-12-01,406352.0,501227064.96
1951-01-01,304993.0,376202765.64
1951-02-01,341914.0,421744080.72
1951-03-01,414822.0,511674640.56
1951-04-01,588687.0,726133640.76
1951-05-01,2133211.0,2631273104.28
1951-06-01,3693973.0,4556441816.04
1951-07-01,2155179.0,2658370192.92
1951-08-01,1127697.0,1390991695.56
1951-09-01,509573.0,628548104.04
1951-10-01,426832.0,526488735.36
1951-11-01,437328.0,539435341.44
1951-12-01,344670.0,425143551.6
1952-01-01,481218.0,593572778.64
1952-02-01,374985.0,462536497.8
1952-03-01,425813.0,525231819.24
1952-04-01,2449532.0,3021448731.36
1952-05-01,5554490.0,6851352325.2
1952-06-01,6221122.0,7673629564.56
1952-07-01,2249717.0,2774980925.16
1952-08-01,1214481.0,1498038023.88
1952-09-01,669865.0,826265080.2
1952-10-01,365807.0,451215618.36
1952-11-01,365949.0,451390772.52
1952-12-01,368640.0,454710067.2
1953-01-01,398606.0,491672528.88
1953-02-01,355363.0,438333153.24
1953-03-01,450303.0,555439744.44
1953-04-01,569997.0,703079899.5600001
1953-05-01,1342116.0,1655473243.68
1953-06-01,3943396.0,4864100098.08
1953-07-01,1601452.0,1975359012.96
1953-08-01,1001118.0,1234859030.64
1953-09-01,392108.0,483657375.84000003
1953-10-01,310801.0,383366817.48
1953-11-01,419779.0,517789000.92
1953-12-01,338254.0,417229543.92
1954-01-01,313599.0,386818094.52
1954-02-01,329977.0,407020029.96
1954-03-01,380026.0,468754470.48
1954-04-01,705647.0,870401461.5600001
1954-05-01,1804002.0,2225200386.96
1954-06-01,1385207.0,1708625130.3600001
1954-07-01,1206426.0,1488102342.48
1954-08-01,639193.0,788431781.64
1954-09-01,471089.0,581078859.72
1954-10-01,555384.0,685055056.32
1954-11-01,346374.0,427245401.52
1954-12-01,287298.0,354376337.04
1955-01-01,255833.0,315564888.84000003
1955-02-01,249237.0,307428854.76
1955-03-01,562115.0,693357610.2
1955-04-01,710931.0,876919169.88
1955-05-01,1993763.0,2459266785.2400002
1955-06-01,2341513.0,2888209455.2400002
1955-07-01,1174836.0,1449136709.28
1955-08-01,885416.0,1092142927.68
1955-09-01,346535.0,427443991.8
1955-10-01,219232.0,270418287.36
1955-11-01,275966.0,340398541.68
1955-12-01,342792.0,422827076.16
1956-01-01,365004.0,450225133.92
1956-02-01,280978.0,346580743.44
1956-03-01,571749.0,705240956.52
1956-04-01,1053972.0,1300053382.56
1956-05-01,2926653.0,3609967942.44
1956-06-01,3504889.0,4323210483.72
1956-07-01,1112262.0,1371952931.76
1956-08-01,680002.0,838768866.96
1956-09-01,288849.0,356289464.52
1956-10-01,191413.0,236104107.24
1956-11-01,302744.0,373428669.12
1956-12-01,259496.0,320083126.08
1957-01-01,297651.0,367146555.48
1957-02-01,333983.0,411961350.84000003
1957-03-01,474125.0,584823705.0
1957-04-01,878830.0,1084019228.4
1957-05-01,2889416.0,3564036847.68
1957-06-01,6790968.0,8376523208.64
1957-07-01,4858314.0,5992633152.72
1957-08-01,1949273.0,2404389260.04
1957-09-01,985205.0,1215230663.4
1957-10-01,746112.0,920314229.76
1957-11-01,810958.0,1000300473.84
1957-12-01,498026.0,614305110.48
1958-01-01,390894.0,482159931.12
1958-02-01,527759.0,650980171.32
1958-03-01,671134.0,827830366.32
1958-04-01,1610427.0,1986429495.96
1958-05-01,4780048.0,5896093607.04
1958-06-01,4500477.0,5551248369.96
1958-07-01,1257846.0,1551527884.08
1958-08-01,653520.0,806103849.6
1958-09-01,423615.0,522520630.2
1958-10-01,328067.0,404664083.16
1958-11-01,354498.0,437266193.04
1958-12-01,361726.0,446181786.48
1959-01-01,304845.0,376020210.6
1959-02-01,305145.0,376390254.6
1959-03-01,354366.0,437103373.68
1959-04-01,487365.0,601154980.2
1959-05-01,1422316.0,1754398339.68
1959-06-01,2877629.0,3549497818.92
1959-07-01,1389991.0,1714526098.68
1959-08-01,736482.0,908435817.36
1959-09-01,322670.0,398006991.6
1959-10-01,555144.0,684759021.12
1959-11-01,509873.0,628918148.04
1959-12-01,354067.0,436734563.16
1960-01-01,285975.0,352744443.0
1960-02-01,308663.0,380729637.24
1960-03-01,742510.0,915871234.8000001
1960-04-01,1748018.0,2156145242.64
1960-05-01,2032109.0,2506565809.32
1960-06-01,3235688.0,3991156434.2400002
1960-07-01,1321275.0,1629766287.0
1960-08-01,563700.0,695312676.0
1960-09-01,320255.0,395028137.4
1960-10-01,355068.0,437969276.64
1960-11-01,349739.0,431396061.72
1960-12-01,266387.0,328583036.76
1961-01-01,246005.0,303442247.4
1961-02-01,312749.0,385769636.52
1961-03-01,373366.0,460539493.68
1961-04-01,636851.0,785542971.48
1961-05-01,1695847.0,2091793357.56
1961-06-01,2510332.0,3096444315.36
1961-07-01,924536.0,1140396665.28
1961-08-01,696176.0,858719172.48
1961-09-01,832005.0,1026261527.4
1961-10-01,802533.0,989908404.84
1961-11-01,545887.0,673340696.76
1961-12-01,374486.0,461920991.28000003
1962-01-01,337574.0,416390777.52
1962-02-01,729411.0,899713880.28
1962-03-01,620161.0,764956190.28
1962-04-01,2585277.0,3188887473.96
1962-05-01,4111052.0,5070900420.96
1962-06-01,3887117.0,4794681077.16
1962-07-01,2487676.0,3068498592.48
1962-08-01,884750.0,1091321430.0
1962-09-01,394885.0,487082749.8
1962-10-01,542207.0,668801490.36
1962-11-01,434429.0,535859482.92
1962-12-01,343926.0,424225842.48
1963-01-01,202192.0,249399788.16
1963-02-01,368705.0,454790243.40000004
1963-03-01,572022.0,705577696.5600001
1963-04-01,769091.0,948658366.6800001
1963-05-01,1860875.0,2295352095.0
1963-06-01,1828576.0,2255511924.48
1963-07-01,887456.0,1094659226.88
1963-08-01,659621.0,813629311.08
1963-09-01,646109.0,796962529.32
1963-10-01,289986.0,357691931.28000003
1963-11-01,318158.0,392441529.84000003
1963-12-01,227749.0,280923836.52
1964-01-01,227247.0,280304629.56
1964-02-01,233631.0,288179165.88
1964-03-01,292967.0,361368935.16
1964-04-01,619011.0,763537688.28
1964-05-01,2430315.0,2997744946.2
1964-06-01,2902376.0,3580022748.48
1964-07-01,1664574.0,2053218737.52
1964-08-01,847351.0,1045190511.48
1964-09-01,327988.0,404566638.24
1964-10-01,250557.0,309057048.36
1964-11-01,290015.0,357727702.2
1964-12-01,328025.0,404612277.0
1965-01-01,342215.0,422115358.2
1965-02-01,345973.0,426750776.04
1965-03-01,393393.0,485242397.64
1965-04-01,1342599.0,1656069014.52
1965-05-01,3336138.0,4115059500.2400002
1965-06-01,5562406.0,6861116552.88
1965-07-01,3750056.0,4625619074.88
1965-08-01,1552006.0,1914368360.88
1965-09-01,865586.0,1067683019.28
1965-10-01,845065.0,1042370776.2
1965-11-01,560645.0,691544394.6
1965-12-01,520577.0,642121317.96
1966-01-01,392813.0,484526979.24
1966-02-01,364477.0,449575089.96
1966-03-01,934639.0,1152858513.72
1966-04-01,1247012.0,1538164361.76
1966-05-01,2431492.0,2999196752.16
1966-06-01,1843730.0,2274204080.4
1966-07-01,1010284.0,1246165108.32
1966-08-01,560905.0,691865099.4
1966-09-01,349087.0,430591832.76
1966-10-01,318330.0,392653688.4
1966-11-01,332153.0,409704082.44
1966-12-01,377204.0,465273589.92
1967-01-01,274882.0,339061449.36
1967-02-01,319861.0,394542146.28000003
1967-03-01,547277.0,675055233.96
1967-04-01,582418.0,718400954.64
1967-05-01,1846928.0,2278148749.44
1967-06-01,3837961.0,4734048134.28
1967-07-01,2033017.0,2507685809.16
1967-08-01,835002.0,1029958266.96
1967-09-01,403511.0,497722748.28000003
1967-10-01,259909.0,320592553.32
1967-11-01,325508.0,401507607.84000003
1967-12-01,239190.0,295036081.2
1968-01-01,321818.0,396956066.64
1968-02-01,387655.0,478164689.40000004
1968-03-01,494565.0,610036036.2
1968-04-01,619493.0,764132225.64
1968-05-01,2211325.0,2727625161.0
1968-06-01,4952291.0,6108551902.68
1968-07-01,1696878.0,2093065075.44
1968-08-01,1420247.0,1751846269.56
1968-09-01,409746.0,505413496.08
1968-10-01,432170.0,533073051.6
1968-11-01,394573.0,486697904.04
1968-12-01,313739.0,386990781.72
1969-01-01,400614.0,494149356.72
1969-02-01,361125.0,445440465.0
1969-03-01,545552.0,672927480.96
1969-04-01,1911511.0,2357810588.28
1969-05-01,3765327.0,4644455547.96
1969-06-01,2892809.0,3568222045.32
1969-07-01,1991603.0,2456602468.44
1969-08-01,858936.0,1059480377.28
1969-09-01,584544.0,721023333.12
1969-10-01,694039.0,856083225.72
1969-11-01,518108.0,639075855.84
1969-12-01,391796.0,483272530.08
1970-01-01,357892.0,441452624.16
1970-02-01,347394.0,428503551.12
1970-03-01,421423.0,519816842.04
1970-04-01,585390.0,722066857.2
1970-05-01,3676415.0,4534784374.2
1970-06-01,4071363.0,5021944833.24
1970-07-01,1983374.0,2446452161.52
1970-08-01,889796.0,1097545570.08
1970-09-01,1118818.0,1380039626.64
1970-10-01,613981.0,757333283.88
1970-11-01,489041.0,603222292.6800001
1970-12-01,393108.0,484890855.84000003
1971-01-01,432215.0,533128558.2
1971-02-01,457780.0,564662474.4
1971-03-01,609611.0,751942976.28
1971-04-01,1356862.0,1673662139.76
1971-05-01,2482469.0,3062075862.12
1971-06-01,4370654.0,5391114295.92
1971-07-01,2086881.0,2574125975.88
1971-08-01,926100.0,1142325828.0
1971-09-01,621938.0,767148084.24
1971-10-01,651742.0,803910722.16
1971-11-01,528686.0,652123607.28
1971-12-01,454968.0,561193928.64
1972-01-01,448906.0,553716572.88
1972-02-01,445565.0,549595516.2
1972-03-01,815866.0,1006354393.6800001
1972-04-01,827965.0,1021278268.2
1972-05-01,1981811.0,2444524232.28
1972-06-01,3758051.0,4635480747.4800005
1972-07-01,1210413.0,1493020227.24
1972-08-01,705516.0,870239875.6800001
1972-09-01,565375.0,697378755.0
1972-10-01,1260290.0,1554542509.2
1972-11-01,641360.0,791104732.8
1972-12-01,451082.0,556400625.36
1973-01-01,424667.0,523818251.16
1973-02-01,490269.0,604737006.12
1973-03-01,890864.0,1098862926.72
1973-04-01,1437606.0,1773258248.88
1973-05-01,4574661.0,5642752850.28
1973-06-01,4846076.0,5977537824.4800005
1973-07-01,2680329.0,3306132214.92
1973-08-01,951165.0,1173243004.2
1973-09-01,618482.0,762885177.36
1973-10-01,400775.0,494347947.0
1973-11-01,457340.0,564119743.2
1973-12-01,381669.0,470781078.12
1974-01-01,393294.0,485120283.12
1974-02-01,360605.0,444799055.40000004
1974-03-01,777329.0,958819774.92
1974-04-01,957063.0,1180518069.24
1974-05-01,3350483.0,4132753770.84
1974-06-01,3262548.0,4024287707.04
1974-07-01,1517164.0,1871391450.72
1974-08-01,733977.0,905345949.96
1974-09-01,368661.0,454735970.28000003
1974-10-01,410813.0,506729619.24
1974-11-01,482854.0,595590751.92
1974-12-01,302667.0,373333691.16
1975-01-01,341939.0,421774917.72
1975-02-01,359602.0,443561874.96
1975-03-01,623955.0,769636013.4
1975-04-01,890123.0,1097948918.04
1975-05-01,2780013.0,3429090435.2400002
1975-06-01,4977083.0,6139132338.84
1975-07-01,3856483.0,4756894650.84
1975-08-01,1005146.0,1239827488.08
1975-09-01,530988.0,654963078.24
1975-10-01,380339.0,469140549.72
1975-11-01,399996.0,493387066.08
1975-12-01,385752.0,475817376.96
1976-01-01,331865.0,409348840.2
1976-02-01,470690.0,580586701.2
1976-03-01,550516.0,679050475.6800001
1976-04-01,869479.0,1072484956.92
1976-05-01,2512031.0,3098539997.88
1976-06-01,2768816.0,3415279159.68
1976-07-01,1290764.0,1592131578.72
1976-08-01,742634.0,916024186.32
1976-09-01,495166.0,610777357.6800001
1976-10-01,413050.0,509488914.0
1976-11-01,346160.0,426981436.8
1976-12-01,249799.0,308122070.52
1977-01-01,288984.0,356455984.32
1977-02-01,300322.0,370441180.56
1977-03-01,269036.0,331850525.28000003
1977-04-01,374245.0,461623722.6
1977-05-01,615043.0,758643239.64
1977-06-01,946020.0,1166896749.6
1977-07-01,656227.0,809442879.96
1977-08-01,589365.0,726969940.2
1977-09-01,382861.0,472251386.28000003
1977-10-01,312745.0,385764702.6
1977-11-01,325688.0,401729634.24
1977-12-01,312901.0,385957125.48
1978-01-01,367826.0,453706014.48
1978-02-01,315219.0,388816332.12
1978-03-01,648069.0,799380150.12
1978-04-01,1296527.0,1599240123.96
1978-05-01,2765927.0,3411715635.96
1978-06-01,4924471.0,6074236489.08
1978-07-01,2429976.0,2997326796.48
1978-08-01,786278.0,969858187.44
1978-09-01,402716.0,496742131.68
1978-10-01,337424.0,416205755.52
1978-11-01,484175.0,597220179.0
1978-12-01,396623.0,489226538.04
1979-01-01,379065.0,467569096.2
1979-02-01,400308.0,493771911.84000003
1979-03-01,821117.0,1012831397.16
1979-04-01,1857553.0,2291254474.44
1979-05-01,4003830.0,4938644228.4
1979-06-01,5025432.0,6198769863.36
1979-07-01,2479345.0,3058222470.6
1979-08-01,1031186.0,1271947307.28
1979-09-01,389721.0,480713059.08
1979-10-01,323532.0,399070251.36
1979-11-01,384124.0,473809271.52
1979-12-01,342224.0,422126459.52
1980-01-01,455115.0,561375250.2
1980-02-01,621963.0,767178921.24
1980-03-01,656186.0,809392307.28
1980-04-01,1532843.0,1890731183.64
1980-05-01,4410194.0,5439886095.12
1980-06-01,5199832.0,6413888775.36
1980-07-01,2029852.0,2503781844.96
1980-08-01,665417.0,820778561.16
1980-09-01,684809.0,844698205.32
1980-10-01,353235.0,435708307.8
1980-11-01,414120.0,510808737.6
1980-12-01,414830.0,511684508.40000004
1981-01-01,331854.0,409335271.92
1981-02-01,320685.0,395558533.8
1981-03-01,403149.0,497276228.52
1981-04-01,680365.0,839216620.2
1981-05-01,1244135.0,1534615639.8
1981-06-01,2309668.0,2848929284.64
1981-07-01,1086654.0,1340365975.92
1981-08-01,500290.0,617097709.2
1981-09-01,573026.0,706816110.48
1981-10-01,672266.0,829226665.6800001
1981-11-01,434250.0,535638690.0
1981-12-01,353052.0,435482580.96
1982-01-01,295447.0,364427965.56
1982-02-01,394404.0,486489445.92
1982-03-01,686585.0,846888865.8000001
1982-04-01,1064382.0,1312893909.3600001
1982-05-01,3215828.0,3966659521.44
1982-06-01,4241102.0,5231314494.96
1982-07-01,2769621.0,3416272111.08
1982-08-01,1568870.0,1935169767.6000001
1982-09-01,1019480.0,1257508190.4
1982-10-01,886439.0,1093404777.72
1982-11-01,636108.0,784626495.84
1982-12-01,544874.0,672091181.52
1983-01-01,423718.0,522647678.64
1983-02-01,485252.0,598548636.96
1983-03-01,985455.0,1215539033.4
1983-04-01,1249789.0,1541589735.72
1983-05-01,3841766.0,4738741525.68
1983-06-01,7586684.0,9358022980.32
1983-07-01,4405058.0,5433550941.84
1983-08-01,1924460.0,2373782920.8
1983-09-01,748555.0,923327621.4
1983-10-01,829045.0,1022610426.6
1983-11-01,555840.0,685617523.2
1983-12-01,526828.0,649831801.44
1984-01-01,310995.0,383606112.6
1984-02-01,465515.0,574203442.2
1984-03-01,787314.0,971136072.72
1984-04-01,1578748.0,1947354083.04
1984-05-01,6625596.0,8172540154.08
1984-06-01,6453934.0,7960798510.32
1984-07-01,3369074.0,4155685397.52
1984-08-01,1800416.0,2220777127.68
1984-09-01,861387.0,1062503636.76
1984-10-01,889648.0,1097363015.04
1984-11-01,652384.0,804702616.32
1984-12-01,548352.0,676381224.96
1985-01-01,474323.0,585067934.04
1985-02-01,468547.0,577943353.5600001
1985-03-01,1197770.0,1477425339.6
1985-04-01,2840894.0,3504185931.12
1985-05-01,5604082.0,6912523065.36
1985-06-01,4679548.0,5772128867.04
1985-07-01,2059782.0,2540699901.36
1985-08-01,974588.0,1202134806.24
1985-09-01,641657.0,791471076.36
1985-10-01,881163.0,1086896937.24
1985-11-01,637962.0,786913367.76
1985-12-01,568216.0,700883071.6800001
1986-01-01,416849.0,514174904.52
1986-02-01,680993.0,839991245.64
1986-03-01,1063521.0,1311831883.08
1986-04-01,2387585.0,2945038345.8
1986-05-01,4291234.0,5293151314.32
1986-06-01,6114124.0,7541649671.52
1986-07-01,3162261.0,3900585698.28
1986-08-01,1244648.0,1535248415.04
1986-09-01,908595.0,1120733760.6
1986-10-01,1165894.0,1438106931.1200001
1986-11-01,924288.0,1140090762.24
1986-12-01,607343.0,749145443.64
1987-01-01,403535.0,497752351.8
1987-02-01,645937.0,796750370.76
1987-03-01,1016464.0,1253788014.72
1987-04-01,2161410.0,2666056006.8
1987-05-01,3709764.0,4575919698.72
1987-06-01,3042333.0,3752656908.84
1987-07-01,1352316.0,1668054739.68
1987-08-01,988734.0,1219583614.32
1987-09-01,571588.0,705042366.24
1987-10-01,497943.0,614202731.64
1987-11-01,608836.0,750987029.28
1987-12-01,326963.0,403302321.24
1988-01-01,307472.0,379260562.56
1988-02-01,451072.0,556388290.5600001
1988-03-01,731565.0,902370796.2
1988-04-01,1223766.0,1509490885.68
1988-05-01,2201230.0,2715173180.4
1988-06-01,2753427.0,3396297135.96
1988-07-01,1282744.0,1582239069.1200001
1988-08-01,791467.0,976258715.16
1988-09-01,481822.0,594317800.5600001
1988-10-01,409211.0,504753584.28000003
1988-11-01,282970.0,349037835.6
1988-12-01,260754.0,321634843.92
1989-01-01,221754.0,273529123.92
1989-02-01,360271.0,444387073.08
1989-03-01,872273.0,1075931300.04
1989-04-01,1289750.0,1590880830.0
1989-05-01,1776857.0,2191717572.36
1989-06-01,1902134.0,2346244246.32
1989-07-01,1070753.0,1320752410.44
1989-08-01,742534.0,915900838.32
1989-09-01,345426.0,426076062.48
1989-10-01,302888.0,373606290.24
1989-11-01,326259.0,402433951.32
1989-12-01,245184.0,302429560.32
1990-01-01,265611.0,327625856.28000003
1990-02-01,267210.0,329598190.8
1990-03-01,426979.0,526670056.92
1990-04-01,690177.0,851319525.96
1990-05-01,1308945.0,1614557478.6
1990-06-01,2634117.0,3249130637.16
1990-07-01,1324268.0,1633458092.64
1990-08-01,644206.0,794615216.88
1990-09-01,522943.0,645039731.64
1990-10-01,575774.0,710205713.52
1990-11-01,429735.0,530069527.8
1990-12-01,244507.0,301594494.36
1991-01-01,307777.0,379636773.96
1991-02-01,386341.0,476543896.68
1991-03-01,534733.0,659582460.84
1991-04-01,944934.0,1165557190.32
1991-05-01,2361625.0,2913017205.0
1991-06-01,3427634.0,4227917986.32
1991-07-01,1435455.0,1770605033.4
1991-08-01,908675.0,1120832439.0
1991-09-01,767656.0,946888322.88
1991-10-01,327926.0,404490162.48
1991-11-01,548701.0,676811709.48
1991-12-01,356150.0,439303902.0
1992-01-01,306632.0,378224439.36
1992-02-01,465089.0,573677979.72
1992-03-01,677461.0,835634594.28
1992-04-01,1243389.0,1533695463.72
1992-05-01,2494068.0,3076382996.64
1992-06-01,2059393.0,2540220077.64
1992-07-01,1223112.0,1508684189.76
1992-08-01,816241.0,1006816948.6800001
1992-09-01,543391.0,670261930.6800001
1992-10-01,368376.0,454384428.48
1992-11-01,425383.0,524701422.84000003
1992-12-01,285003.0,351545500.44
1993-01-01,536421.0,661664575.08
1993-02-01,491786.0,606608195.28
1993-03-01,1000814.0,1234484052.72
1993-04-01,1558485.0,1922360077.8
1993-05-01,4905758.0,6051154377.84
1993-06-01,5080876.0,6267158928.4800005
1993-07-01,2293449.0,2828923472.52
1993-08-01,1088141.0,1342200160.68
1993-09-01,650601.0,802503321.48
1993-10-01,539394.0,665331711.12
1993-11-01,411473.0,507543716.04
1993-12-01,346168.0,426991304.64
1994-01-01,374496.0,461933326.08
1994-02-01,354810.0,437651038.8
1994-03-01,707305.0,872446571.4
1994-04-01,926748.0,1143125123.04
1994-05-01,2496370.0,3079222467.6
1994-06-01,2423371.0,2989179661.08
1994-07-01,923230.0,1138785740.4
1994-08-01,611077.0,753751257.96
1994-09-01,485539.0,598902645.72
1994-10-01,497896.0,614144758.08
1994-11-01,394997.0,487220899.56
1994-12-01,373524.0,460734383.52
1995-01-01,332107.0,409647342.36
1995-02-01,434645.0,536125914.6
1995-03-01,931446.0,1148920012.08
1995-04-01,861861.0,1063088306.28
1995-05-01,2643606.0,3260835128.88
1995-06-01,6425316.0,7925498779.68
1995-07-01,4855798.0,5989529717.04
1995-08-01,1550906.0,1913011532.88
1995-09-01,568102.0,700742454.96
1995-10-01,539116.0,664988803.6800001
1995-11-01,463955.0,572279213.4
1995-12-01,379248.0,467794823.04
1996-01-01,365025.0,450251037.0
1996-02-01,482787.0,595508108.76
1996-03-01,522524.0,644522903.52
1996-04-01,1216856.0,1500967538.88
1996-05-01,3561336.0,4392836729.28
1996-06-01,3602717.0,4443879365.16
1996-07-01,1809442.0,2231910518.16
1996-08-01,636158.0,784688169.84
1996-09-01,467055.0,576103001.4
1996-10-01,499738.0,616416828.24
1996-11-01,604447.0,745573285.5600001
1996-12-01,442129.0,545357278.92
1997-01-01,457685.0,564545293.8
1997-02-01,383539.0,473087685.72
1997-03-01,1171694.0,1445261115.1200001
1997-04-01,1699193.0,2095920581.64
1997-05-01,4911501.0,6058238253.4800005
1997-06-01,6050996.0,7463782546.08
1997-07-01,2172054.0,2679185167.92
1997-08-01,1461921.0,1803250315.08
1997-09-01,1318691.0,1626578974.68
1997-10-01,958776.0,1182631020.48
1997-11-01,636282.0,784841121.36
1997-12-01,454046.0,560056660.08
1998-01-01,493081.0,608205551.88
1998-02-01,440741.0,543645208.6800001
1998-03-01,828558.0,1022009721.84
1998-04-01,1518991.0,1873645018.68
1998-05-01,3877323.0,4782600374.04
1998-06-01,3566183.0,4398815406.84
1998-07-01,2374325.0,2928682401.0
1998-08-01,1126202.0,1389147642.96
1998-09-01,686974.0,847368689.52
1998-10-01,683035.0,842510011.8000001
1998-11-01,710818.0,876779786.64
1998-12-01,389149.0,480007508.52
1999-01-01,464933.0,573485556.84
1999-02-01,440359.0,543174019.32
1999-03-01,663155.0,817988429.4
1999-04-01,913155.0,1126358429.4
1999-05-01,2833274.0,3494786813.52
1999-06-01,4483447.0,5530242205.56
1999-07-01,2337593.0,2883374213.64
1999-08-01,1611218.0,1987405178.64
1999-09-01,911467.0,1124276315.16
1999-10-01,459749.0,567091196.52
1999-11-01,384647.0,474454381.56
1999-12-01,356817.0,440126633.16
2000-01-01,400018.0,493414202.64
2000-02-01,415592.0,512624420.16
2000-03-01,553970.0,683310915.6
2000-04-01,1211560.0,1494435028.8
2000-05-01,2684338.0,3311077236.2400002
2000-06-01,2181926.0,2691362082.48
2000-07-01,941680.0,1161543446.4
2000-08-01,500615.0,617498590.2
2000-09-01,426365.0,525912700.2
2000-10-01,453185.0,558994633.8
2000-11-01,394372.0,486449974.56
2000-12-01,349325.0,430885401.0
2001-01-01,317485.0,391611397.8
2001-02-01,336602.0,415191834.96
2001-03-01,655891.0,809028430.6800001
2001-04-01,1002709.0,1236821497.32
2001-05-01,3036492.0,3745452152.16
2001-06-01,2226567.0,2746425863.16
2001-07-01,1028748.0,1268940083.04
2001-08-01,780164.0,962316690.72
2001-09-01,426954.0,526639219.92
2001-10-01,278032.0,342946911.36
2001-11-01,335825.0,414233421.0
2001-12-01,282275.0,348180567.0
2002-01-01,277192.0,341910788.16
2002-02-01,253878.0,313153435.44
2002-03-01,382131.0,471350945.88
2002-04-01,621082.0,766092225.36
2002-05-01,815297.0,1005652543.5600001
2002-06-01,1051398.0,1296878405.04
2002-07-01,643816.0,794134159.6800001
2002-08-01,386311.0,476506892.28000003
2002-09-01,527176.0,650261052.48
2002-10-01,348566.0,429949189.68
2002-11-01,413645.0,510222834.6
2002-12-01,286629.0,353551138.92
2003-01-01,279302.0,344513430.96
2003-02-01,268155.0,330763829.4
2003-03-01,519435.0,640712683.8
2003-04-01,710953.0,876946306.44
2003-05-01,2263167.0,2791571231.16
2003-06-01,2909816.0,3589199839.68
2003-07-01,1170392.0,1443655124.16
2003-08-01,593031.0,731491877.88
2003-09-01,672219.0,829168692.12
2003-10-01,378968.0,467449448.64
2003-11-01,415964.0,513083274.72
2003-12-01,337409.0,416187253.32
2004-01-01,287624.0,354778451.52
2004-02-01,317292.0,391373336.16
2004-03-01,758000.0,934977840.0
2004-04-01,1125414.0,1388175660.72
2004-05-01,2032809.0,2507429245.32
2004-06-01,1778506.0,2193751580.88
2004-07-01,1035175.0,1276867659.0
2004-08-01,482276.0,594877800.48
2004-09-01,470722.0,580626172.5600001
2004-10-01,625819.0,771935220.12
2004-11-01,570583.0,703802718.84
2004-12-01,421799.0,520280630.52
2005-01-01,667466.0,823305961.6800001
2005-02-01,559393.0,690000077.64
2005-03-01,714659.0,881517583.32
2005-04-01,1770932.0,2184409203.36
2005-05-01,4157709.0,5128450897.32
2005-06-01,4334571.0,5346606637.08
2005-07-01,1930391.0,2381098690.68
2005-08-01,854482.0,1053986457.36
2005-09-01,491771.0,606589693.08
2005-10-01,737762.0,910014671.76
2005-11-01,506639.0,624929073.72
2005-12-01,379450.0,468043986.0
2006-01-01,397643.0,490484687.64
2006-02-01,328335.0,404994655.8
2006-03-01,541551.0,667992327.48
2006-04-01,1534564.0,1892854002.72
2006-05-01,3230782.0,3985104981.36
2006-06-01,2493323.0,3075464054.04
2006-07-01,1147226.0,1415080326.48
2006-08-01,776862.0,958243739.76
2006-09-01,536600.0,661885368.0
2006-10-01,1566152.0,1931817168.96
2006-11-01,577702.0,712583862.96
2006-12-01,402168.0,496066184.64
2007-01-01,336446.0,414999412.08
2007-02-01,455943.0,562396571.64
2007-03-01,1011415.0,1247560174.2
2007-04-01,1189653.0,1467413182.44
2007-05-01,2544223.0,3138248186.04
2007-06-01,2123234.0,2618966674.32
2007-07-01,1051474.0,1296972149.52
2007-08-01,815877.0,1006367961.96
2007-09-01,479441.0,591380884.6800001
2007-10-01,570933.0,704234436.84
2007-11-01,412863.0,509258253.24
2007-12-01,411245.0,507262482.6
2008-01-01,370370.0,456843987.6
2008-02-01,477948.0,589539299.04
2008-03-01,743226.0,916754406.48
2008-04-01,1366049.0,1684994120.52
2008-05-01,3583980.0,4420767650.4
2008-06-01,4803468.0,5924981708.64
2008-07-01,2220235.0,2738615467.8
2008-08-01,867723.0,1070318966.04
2008-09-01,482407.0,595039386.36
2008-10-01,435805.0,537556751.4
2008-11-01,430547.0,531071113.56
2008-12-01,335272.0,413551306.56
2009-01-01,385709.0,475764337.32
2009-02-01,386450.0,476678346.0
2009-03-01,564187.0,695913380.76
2009-04-01,1227969.0,1514675202.1200001
2009-05-01,4156678.0,5127179179.440001
2009-06-01,3465575.0,4274717451.0
2009-07-01,1854266.0,2287200025.68
2009-08-01,638798.0,787944557.04
2009-09-01,413576.0,510137724.48
2009-10-01,373314.0,460475352.72
2009-11-01,399095.0,492275700.6
2009-12-01,257350.0,317436078.0
2010-01-01,369037.0,455199758.76
2010-02-01,367245.0,452989362.6
2010-03-01,624220.0,769962885.6
2010-04-01,1326124.0,1635747431.52
2010-05-01,2170941.0,2677812304.68
2010-06-01,3749922.0,4625453788.56
2010-07-01,1250490.0,1542454405.2
2010-08-01,953329.0,1175912254.92
2010-09-01,468862.0,578331899.76
2010-10-01,554876.0,684428448.48
2010-11-01,401087.0,494732792.76
2010-12-01,468938.0,578425644.24
2011-01-01,310008.0,382388667.84000003
2011-02-01,316664.0,390598710.72
2011-03-01,640238.0,789720768.24
2011-04-01,1249225.0,1540894053.0
2011-05-01,3079500.0,3798501660.0
2011-06-01,6686357.0,8247487632.36
2011-07-01,4489031.0,5537129957.88
2011-08-01,1288685.0,1589567173.8
2011-09-01,706779.0,871797760.92
2011-10-01,633732.0,781695747.36
2011-11-01,526283.0,649159554.84
2011-12-01,360568.0,444753416.64
2012-01-01,381825.0,470973501.0
2012-02-01,384527.0,474306363.96
2012-03-01,733543.0,904810619.64
2012-04-01,1224126.0,1509934938.48
2012-05-01,1353669.0,1669723638.1200001
2012-06-01,1074724.0,1325650559.52
2012-07-01,745218.0,919211498.64
2012-08-01,634310.0,782408698.8
2012-09-01,376394.0,464274471.12
2012-10-01,341949.0,421787252.52
2012-11-01,314072.0,387401530.56
2012-12-01,226993.0,279991325.64
2013-01-01,214334.0,264376702.32
2013-02-01,288198.0,355486469.04
2013-03-01,358060.0,441659848.8
2013-04-01,544575.0,671722371.0
2013-05-01,1962822.0,2421101680.56
2013-06-01,1961782.0,2419818861.36
2013-07-01,871802.0,1075350330.96
2013-08-01,726516.0,896142955.6800001
2013-09-01,1147288.0,1415156802.24
2013-10-01,647130.0,798221912.4
2013-11-01,521916.0,643772947.6800001
2013-12-01,337729.0,416581966.92
2014-01-01,308346.0,380338624.08
2014-02-01,372818.0,459863546.64
2014-03-01,560863.0,691813293.24
2014-04-01,1266593.0,1562317133.64
2014-05-01,2929217.0,3613130585.16
2014-06-01,3927670.0,4844702391.6
2014-07-01,1523688.0,1879438674.24
2014-08-01,899692.0,1109752088.16
2014-09-01,789556.0,973901534.88
2014-10-01,878477.0,1083583809.96
2014-11-01,465298.0,573935777.04
2014-12-01,423447.0,522313405.56
2015-01-01,408203.0,503510236.44
2015-02-01,524999.0,647575766.52
2015-03-01,701872.0,865745074.5600001
2015-04-01,848167.0,1046197031.16
2015-05-01,2116597.0,2610780067.56
2015-06-01,4262960.0,5258275900.8
2015-07-01,1647911.0,2032665260.28
2015-08-01,666932.0,822647283.36
2015-09-01,474142.0,584844674.16
2015-10-01,624468.0,770268788.64
2015-11-01,441760.0,544902124.8
2015-12-01,316830.0,390803468.4
2016-01-01,359564.0,443515002.72
2016-02-01,446601.0,550873401.48
2016-03-01,679511.0,838163228.28
2016-04-01,1105149.0,1363179188.52
2016-05-01,2986811.0,3684171632.28
2016-06-01,3948731.0,4870680713.88
2016-07-01,1390403.0,1715034292.44
2016-08-01,645676.0,796428432.48
2016-09-01,511051.0,630371187.48
2016-10-01,561455.0,692543513.4
2016-11-01,428376.0,528393228.48
2016-12-01,345794.0,426529983.12
2017-01-01,417937.0,515516930.76
2017-02-01,601839.0,742356369.72
2017-03-01,1313164.0,1619761530.72
2017-04-01,1914592.0,2361610940.16
2017-05-01,3203930.0,3951983576.4
2017-06-01,4475278.0,5520165907.440001
2017-07-01,1860502.0,2294892006.96
2017-08-01,929448.0,1146455519.04
2017-09-01,402534.0,496517638.32
2017-10-01,553598.0,682852061.04
2017-11-01,421295.0,519658956.6
2017-12-01,304884.0,376068316.32
2018-01-01,296790.0,366084529.2
2018-02-01,327396.0,403836418.08
2018-03-01,451102.0,556425294.96
2018-04-01,702049.0,865963400.52
2018-05-01,2089064.0,2576818662.7200003
2018-06-01,1653472.0,2039524642.56
2018-07-01,852364.0,1051373946.72
2018-08-01,475688.0,586751634.24
2018-09-01,350380.0,432186722.40000004
2018-10-01,484202.0,597253482.96
2018-11-01,292982.0,361387437.36
2018-12-01,254653.0,314109382.44
2019-01-01,257561.0,317696342.28000003
2019-02-01,297204.0,366595189.92
2019-03-01,727333.0,897150708.84
2019-04-01,1683186.0,2076176267.28
2019-05-01,3115691.0,3843142534.68
2019-06-01,5756635.0,7100694139.8
2019-07-01,3421106.0,4219865828.88
2019-08-01,1053229.0,1299136906.92
2019-09-01,406311.0,501176492.28000003
2019-10-01,332585.0,410236945.8
2019-11-01,420956.0,519240806.88
2019-12-01,375152.0,462742488.96
