Date,temp_degC
1895-01-01,-6.47
1895-02-01,-6.58
1895-03-01,-0.62
1895-04-01,6.24
1895-05-01,10.55
1895-06-01,14.31
1895-07-01,17.82
1895-08-01,18.44
1895-09-01,13.62
1895-10-01,7.11
1895-11-01,-2.55
1895-12-01,-9.04
1896-01-01,-4.09
1896-02-01,-4.16
1896-03-01,0.14
1896-04-01,5.01
1896-05-01,10.16
1896-06-01,17.7
1896-07-01,19.27
1896-08-01,18.18
1896-09-01,13.16
1896-10-01,7.06
1896-11-01,-1.87
1896-12-01,-3.54
1897-01-01,-6.16
1897-02-01,-5.26
1897-03-01,-2.37
1897-04-01,5.39
1897-05-01,13.05
1897-06-01,15.83
1897-07-01,18.23
1897-08-01,18.17
1897-09-01,14.63
1897-10-01,7.04
1897-11-01,1.27
1897-12-01,-7.93
1898-01-01,-9.97
1898-02-01,-3.69
1898-03-01,-1.36
1898-04-01,7.18
1898-05-01,9.84
1898-06-01,16.49
1898-07-01,19.85
1898-08-01,19.6
1898-09-01,13.33
1898-10-01,5.86
1898-11-01,-0.93
1898-12-01,-9.03
1899-01-01,-6.3
1899-02-01,-5.77
1899-03-01,0.47
1899-04-01,6.25
1899-05-01,9.34
1899-06-01,15.53
1899-07-01,19.61
1899-08-01,16.73
1899-09-01,14.47
1899-10-01,5.93
1899-11-01,1.84
1899-12-01,-6.75
1900-01-01,-2.71
1900-02-01,-2.64
1900-03-01,3.5
1900-04-01,4.6
1900-05-01,11.87
1900-06-01,17.63
1900-07-01,19.6
1900-08-01,17.31
1900-09-01,12.05
1900-10-01,7.37
1900-11-01,1.36
1900-12-01,-3.76
1901-01-01,-4.99
1901-02-01,-2.62
1901-03-01,-0.1
1901-04-01,5.09
1901-05-01,12.47
1901-06-01,15.1
1901-07-01,21.07
1901-08-01,19.22
1901-09-01,13.0
1901-10-01,8.42
1901-11-01,2.06
1901-12-01,-3.97
1902-01-01,-4.59
1902-02-01,-1.55
1902-03-01,-1.2
1902-04-01,6.2
1902-05-01,11.06
1902-06-01,17.03
1902-07-01,17.63
1902-08-01,18.07
1902-09-01,13.17
1902-10-01,7.8
1902-11-01,0.21
1902-12-01,-5.8
1903-01-01,-5.95
1903-02-01,-10.2
1903-03-01,-0.64
1903-04-01,4.78
1903-05-01,9.3
1903-06-01,15.52
1903-07-01,18.37
1903-08-01,18.47
1903-09-01,12.01
1903-10-01,7.58
1903-11-01,0.88
1903-12-01,-5.12
1904-01-01,-6.93
1904-02-01,-0.78
1904-03-01,1.96
1904-04-01,6.52
1904-05-01,10.95
1904-06-01,14.86
1904-07-01,18.21
1904-08-01,17.89
1904-09-01,13.83
1904-10-01,7.06
1904-11-01,1.12
1904-12-01,-4.31
1905-01-01,-4.83
1905-02-01,-4.62
1905-03-01,2.76
1905-04-01,5.49
1905-05-01,9.0
1905-06-01,15.89
1905-07-01,18.51
1905-08-01,18.69
1905-09-01,13.84
1905-10-01,5.24
1905-11-01,0.94
1905-12-01,-7.61
1906-01-01,-6.05
1906-02-01,-1.85
1906-03-01,-0.4
1906-04-01,5.85
1906-05-01,10.46
1906-06-01,14.63
1906-07-01,18.44
1906-08-01,17.58
1906-09-01,12.92
1906-10-01,6.8
1906-11-01,0.06
1906-12-01,-1.82
1907-01-01,-3.31
1907-02-01,1.34
1907-03-01,3.3
1907-04-01,6.57
1907-05-01,8.54
1907-06-01,13.12
1907-07-01,18.82
1907-08-01,17.29
1907-09-01,13.21
1907-10-01,9.0
1907-11-01,0.1
1907-12-01,-3.8
1908-01-01,-5.84
1908-02-01,-4.18
1908-03-01,1.43
1908-04-01,6.39
1908-05-01,8.43
1908-06-01,13.69
1908-07-01,19.22
1908-08-01,17.22
1908-09-01,13.3
1908-10-01,4.74
1908-11-01,-0.91
1908-12-01,-6.29
1909-01-01,-2.91
1909-02-01,-4.29
1909-03-01,-0.65
1909-04-01,3.73
1909-05-01,8.87
1909-06-01,16.25
1909-07-01,19.77
1909-08-01,18.87
1909-09-01,13.24
1909-10-01,8.25
1909-11-01,1.05
1909-12-01,-10.53
1910-01-01,-6.78
1910-02-01,-5.36
1910-03-01,4.99
1910-04-01,7.59
1910-05-01,11.51
1910-06-01,17.08
1910-07-01,20.03
1910-08-01,18.39
1910-09-01,15.06
1910-10-01,7.57
1910-11-01,3.11
1910-12-01,-3.05
1911-01-01,-2.18
1911-02-01,-3.61
1911-03-01,2.76
1911-04-01,5.53
1911-05-01,10.87
1911-06-01,15.97
1911-07-01,18.01
1911-08-01,17.61
1911-09-01,14.17
1911-10-01,5.79
1911-11-01,-1.86
1911-12-01,-7.42
1912-01-01,-5.42
1912-02-01,-2.97
1912-03-01,-0.23
1912-04-01,3.36
1912-05-01,9.41
1912-06-01,15.07
1912-07-01,17.83
1912-08-01,17.29
1912-09-01,10.25
1912-10-01,5.81
1912-11-01,0.43
1912-12-01,-7.67
1913-01-01,-8.3
1913-02-01,-5.13
1913-03-01,-1.28
1913-04-01,5.92
1913-05-01,11.57
1913-06-01,15.5
1913-07-01,18.44
1913-08-01,18.91
1913-09-01,12.67
1913-10-01,5.75
1913-11-01,2.07
1913-12-01,-7.23
1914-01-01,-5.03
1914-02-01,-4.67
1914-03-01,1.1
1914-04-01,6.66
1914-05-01,11.73
1914-06-01,15.3
1914-07-01,18.64
1914-08-01,18.07
1914-09-01,14.14
1914-10-01,7.74
1914-11-01,1.8
1914-12-01,-7.34
1915-01-01,-7.85
1915-02-01,-3.21
1915-03-01,0.43
1915-04-01,7.91
1915-05-01,8.96
1915-06-01,13.99
1915-07-01,18.31
1915-08-01,17.86
1915-09-01,12.78
1915-10-01,7.99
1915-11-01,0.36
1915-12-01,-4.22
1916-01-01,-6.57
1916-02-01,-3.07
1916-03-01,2.38
1916-04-01,6.12
1916-05-01,9.14
1916-06-01,15.08
1916-07-01,18.82
1916-08-01,17.06
1916-09-01,12.73
1916-10-01,6.5
1916-11-01,-1.36
1916-12-01,-6.57
1917-01-01,-9.42
1917-02-01,-4.68
1917-03-01,-3.65
1917-04-01,3.26
1917-05-01,7.53
1917-06-01,14.87
1917-07-01,20.22
1917-08-01,17.43
1917-09-01,13.97
1917-10-01,7.46
1917-11-01,2.56
1917-12-01,-0.38
1918-01-01,-5.84
1918-02-01,-3.51
1918-03-01,2.81
1918-04-01,4.13
1918-05-01,9.88
1918-06-01,18.61
1918-07-01,18.66
1918-08-01,17.4
1918-09-01,13.79
1918-10-01,8.78
1918-11-01,-1.38
1918-12-01,-6.12
1919-01-01,-8.5
1919-02-01,-5.12
1919-03-01,-0.08
1919-04-01,6.42
1919-05-01,12.04
1919-06-01,16.73
1919-07-01,20.38
1919-08-01,18.9
1919-09-01,14.79
1919-10-01,4.51
1919-11-01,-0.74
1919-12-01,-7.14
1920-01-01,-5.48
1920-02-01,-1.97
1920-03-01,-0.68
1920-04-01,2.06
1920-05-01,10.9
1920-06-01,15.23
1920-07-01,19.34
1920-08-01,17.16
1920-09-01,12.85
1920-10-01,6.36
1920-11-01,-0.24
1920-12-01,-5.69
1921-01-01,-3.75
1921-02-01,-1.99
1921-03-01,2.99
1921-04-01,4.08
1921-05-01,10.76
1921-06-01,16.32
1921-07-01,19.34
1921-08-01,17.54
1921-09-01,13.46
1921-10-01,9.56
1921-11-01,2.04
1921-12-01,-1.57
1922-01-01,-8.28
1922-02-01,-4.98
1922-03-01,-1.26
1922-04-01,3.18
1922-05-01,10.33
1922-06-01,17.16
1922-07-01,19.44
1922-08-01,19.15
1922-09-01,14.95
1922-10-01,7.81
1922-11-01,-0.5
1922-12-01,-2.91
1923-01-01,-2.82
1923-02-01,-5.61
1923-03-01,-2.42
1923-04-01,4.61
1923-05-01,11.09
1923-06-01,14.92
1923-07-01,20.07
1923-08-01,17.28
1923-09-01,12.53
1923-10-01,5.38
1923-11-01,0.82
1923-12-01,-5.02
1924-01-01,-8.58
1924-02-01,-0.63
1924-03-01,-2.25
1924-04-01,4.59
1924-05-01,10.91
1924-06-01,16.54
1924-07-01,19.03
1924-08-01,17.95
1924-09-01,12.98
1924-10-01,6.86
1924-11-01,0.26
1924-12-01,-7.89
1925-01-01,-8.74
1925-02-01,-2.07
1925-03-01,1.99
1925-04-01,6.99
1925-05-01,12.81
1925-06-01,15.24
1925-07-01,19.88
1925-08-01,17.24
1925-09-01,13.29
1925-10-01,6.61
1925-11-01,-0.68
1925-12-01,-3.28
1926-01-01,-6.25
1926-02-01,-1.25
1926-03-01,1.2
1926-04-01,7.06
1926-05-01,11.19
1926-06-01,16.91
1926-07-01,18.8
1926-08-01,18.61
1926-09-01,13.35
1926-10-01,8.41
1926-11-01,1.67
1926-12-01,-5.73
1927-01-01,-3.77
1927-02-01,-1.66
1927-03-01,0.17
1927-04-01,5.56
1927-05-01,10.62
1927-06-01,15.81
1927-07-01,19.18
1927-08-01,16.87
1927-09-01,12.97
1927-10-01,7.73
1927-11-01,2.49
1927-12-01,-6.92
1928-01-01,-3.77
1928-02-01,-2.88
1928-03-01,2.38
1928-04-01,4.35
1928-05-01,12.02
1928-06-01,14.77
1928-07-01,18.99
1928-08-01,17.28
1928-09-01,14.2
1928-10-01,8.09
1928-11-01,0.24
1928-12-01,-7.16
1929-01-01,-7.07
1929-02-01,-7.5
1929-03-01,-0.35
1929-04-01,3.54
1929-05-01,10.08
1929-06-01,15.3
1929-07-01,19.75
1929-08-01,18.77
1929-09-01,12.78
1929-10-01,7.52
1929-11-01,-1.86
1929-12-01,-2.22
1930-01-01,-9.78
1930-02-01,-1.12
1930-03-01,0.39
1930-04-01,8.41
1930-05-01,9.24
1930-06-01,16.15
1930-07-01,19.64
1930-08-01,18.31
1930-09-01,13.25
1930-10-01,6.6
1930-11-01,-1.68
1930-12-01,-7.47
1931-01-01,-6.17
1931-02-01,-0.79
1931-03-01,-0.21
1931-04-01,6.2
1931-05-01,10.12
1931-06-01,17.38
1931-07-01,20.93
1931-08-01,18.84
1931-09-01,14.7
1931-10-01,8.59
1931-11-01,-1.8
1931-12-01,-8.49
1932-01-01,-9.57
1932-02-01,-2.74
1932-03-01,-0.7
1932-04-01,5.79
1932-05-01,10.96
1932-06-01,15.2
1932-07-01,19.42
1932-08-01,18.36
1932-09-01,13.88
1932-10-01,6.53
1932-11-01,1.14
1932-12-01,-8.88
1933-01-01,-7.53
1933-02-01,-9.43
1933-03-01,1.2
1933-04-01,3.28
1933-05-01,8.29
1933-06-01,17.89
1933-07-01,20.71
1933-08-01,18.26
1933-09-01,15.67
1933-10-01,9.75
1933-11-01,1.83
1933-12-01,-1.35
1934-01-01,-2.6
1934-02-01,1.42
1934-03-01,4.9
1934-04-01,8.29
1934-05-01,14.3
1934-06-01,15.67
1934-07-01,20.91
1934-08-01,19.78
1934-09-01,13.24
1934-10-01,9.18
1934-11-01,1.73
1934-12-01,-3.55
1935-01-01,-3.29
1935-02-01,-1.72
1935-03-01,0.08
1935-04-01,5.25
1935-05-01,8.94
1935-06-01,16.64
1935-07-01,20.08
1935-08-01,18.93
1935-09-01,14.6
1935-10-01,7.43
1935-11-01,-0.53
1935-12-01,-4.13
1936-01-01,-5.35
1936-02-01,-2.64
1936-03-01,0.95
1936-04-01,6.57
1936-05-01,12.75
1936-06-01,18.21
1936-07-01,20.64
1936-08-01,19.12
1936-09-01,13.46
1936-10-01,7.54
1936-11-01,0.09
1936-12-01,-3.9
1937-01-01,-12.85
1937-02-01,-5.44
1937-03-01,-0.12
1937-04-01,4.9
1937-05-01,12.27
1937-06-01,15.51
1937-07-01,19.6
1937-08-01,19.26
1937-09-01,14.85
1937-10-01,8.6
1937-11-01,1.79
1937-12-01,-2.48
1938-01-01,-3.57
1938-02-01,-2.26
1938-03-01,0.69
1938-04-01,5.98
1938-05-01,9.99
1938-06-01,16.68
1938-07-01,18.71
1938-08-01,18.83
1938-09-01,14.77
1938-10-01,8.37
1938-11-01,-3.03
1938-12-01,-3.45
1939-01-01,-5.02
1939-02-01,-9.01
1939-03-01,0.97
1939-04-01,7.41
1939-05-01,12.1
1939-06-01,15.51
1939-07-01,20.1
1939-08-01,18.66
1939-09-01,14.69
1939-10-01,7.36
1939-11-01,2.27
1939-12-01,-0.85
1940-01-01,-5.04
1940-02-01,-2.31
1940-03-01,2.69
1940-04-01,6.52
1940-05-01,12.9
1940-06-01,17.89
1940-07-01,20.44
1940-08-01,19.11
1940-09-01,14.71
1940-10-01,8.48
1940-11-01,-1.33
1940-12-01,-3.42
1941-01-01,-5.23
1941-02-01,-1.59
1941-03-01,1.31
1941-04-01,3.96
1941-05-01,11.73
1941-06-01,14.55
1941-07-01,18.87
1941-08-01,18.0
1941-09-01,12.08
1941-10-01,6.74
1941-11-01,0.96
1941-12-01,-2.79
1942-01-01,-6.2
1942-02-01,-6.21
1942-03-01,-1.79
1942-04-01,6.48
1942-05-01,9.71
1942-06-01,15.53
1942-07-01,19.83
1942-08-01,18.59
1942-09-01,13.67
1942-10-01,8.05
1942-11-01,1.52
1942-12-01,-2.38
1943-01-01,-3.46
1943-02-01,-1.43
1943-03-01,0.56
1943-04-01,9.07
1943-05-01,10.57
1943-06-01,15.07
1943-07-01,19.88
1943-08-01,18.89
1943-09-01,14.85
1943-10-01,8.36
1943-11-01,0.95
1943-12-01,-3.44
1944-01-01,-7.35
1944-02-01,-4.27
1944-03-01,-1.21
1944-04-01,3.89
1944-05-01,10.8
1944-06-01,14.42
1944-07-01,18.87
1944-08-01,18.39
1944-09-01,14.44
1944-10-01,9.22
1944-11-01,0.3
1944-12-01,-3.88
1945-01-01,-3.33
1945-02-01,-0.92
1945-03-01,-0.2
1945-04-01,3.19
1945-05-01,11.38
1945-06-01,13.66
1945-07-01,19.47
1945-08-01,18.95
1945-09-01,13.4
1945-10-01,8.75
1945-11-01,-0.49
1945-12-01,-6.26
1946-01-01,-6.14
1946-02-01,-3.08
1946-03-01,2.3
1946-04-01,8.64
1946-05-01,9.81
1946-06-01,16.77
1946-07-01,20.26
1946-08-01,18.76
1946-09-01,14.27
1946-10-01,5.82
1946-11-01,-0.56
1946-12-01,-1.32
1947-01-01,-6.56
1947-02-01,-1.07
1947-03-01,1.79
1947-04-01,5.3
1947-05-01,12.52
1947-06-01,14.13
1947-07-01,19.86
1947-08-01,18.23
1947-09-01,15.3
1947-10-01,9.29
1947-11-01,-2.16
1947-12-01,-4.95
1948-01-01,-5.36
1948-02-01,-4.29
1948-03-01,-2.59
1948-04-01,6.11
1948-05-01,11.65
1948-06-01,15.8
1948-07-01,19.3
1948-08-01,18.3
1948-09-01,15.42
1948-10-01,7.84
1948-11-01,-2.38
1948-12-01,-4.84
1949-01-01,-10.3
1949-02-01,-7.5
1949-03-01,1.02
1949-04-01,7.29
1949-05-01,10.96
1949-06-01,15.08
1949-07-01,19.26
1949-08-01,18.25
1949-09-01,14.76
1949-10-01,6.11
1949-11-01,3.69
1949-12-01,-4.84
1950-01-01,-6.2
1950-02-01,-2.51
1950-03-01,0.5
1950-04-01,6.22
1950-05-01,9.26
1950-06-01,15.33
1950-07-01,18.31
1950-08-01,17.39
1950-09-01,13.3
1950-10-01,10.68
1950-11-01,1.85
1950-12-01,-1.1
1951-01-01,-5.23
1951-02-01,-2.33
1951-03-01,-0.11
1951-04-01,5.61
1951-05-01,11.19
1951-06-01,14.41
1951-07-01,20.44
1951-08-01,18.0
1951-09-01,13.88
1951-10-01,7.03
1951-11-01,-1.7
1951-12-01,-6.29
1952-01-01,-6.55
1952-02-01,-5.63
1952-03-01,-3.19
1952-04-01,6.08
1952-05-01,11.5
1952-06-01,16.51
1952-07-01,19.2
1952-08-01,18.75
1952-09-01,15.04
1952-10-01,9.62
1952-11-01,-2.28
1952-12-01,-5.15
1953-01-01,-1.65
1953-02-01,-3.18
1953-03-01,1.75
1953-04-01,4.33
1953-05-01,8.48
1953-06-01,16.85
1953-07-01,20.65
1953-08-01,17.9
1953-09-01,15.09
1953-10-01,8.22
1953-11-01,2.07
1953-12-01,-5.05
1954-01-01,-2.34
1954-02-01,1.09
1954-03-01,-0.07
1954-04-01,8.15
1954-05-01,12.51
1954-06-01,16.03
1954-07-01,20.93
1954-08-01,18.1
1954-09-01,14.78
1954-10-01,8.74
1954-11-01,2.86
1954-12-01,-5.47
1955-01-01,-7.19
1955-02-01,-7.75
1955-03-01,-1.21
1955-04-01,4.21
1955-05-01,10.49
1955-06-01,14.91
1955-07-01,19.58
1955-08-01,19.36
1955-09-01,14.73
1955-10-01,8.58
1955-11-01,-0.94
1955-12-01,-1.88
1956-01-01,-1.22
1956-02-01,-5.68
1956-03-01,0.75
1956-04-01,5.64
1956-05-01,12.37
1956-06-01,17.87
1956-07-01,19.32
1956-08-01,17.18
1956-09-01,15.37
1956-10-01,8.31
1956-11-01,-2.2
1956-12-01,-5.22
1957-01-01,-5.84
1957-02-01,-0.7
1957-03-01,1.48
1957-04-01,4.48
1957-05-01,9.21
1957-06-01,15.72
1957-07-01,19.16
1957-08-01,18.27
1957-09-01,13.28
1957-10-01,7.65
1957-11-01,-2.05
1957-12-01,-2.97
1958-01-01,-5.02
1958-02-01,0.02
1958-03-01,-0.97
1958-04-01,4.15
1958-05-01,13.05
1958-06-01,17.34
1958-07-01,18.95
1958-08-01,19.92
1958-09-01,14.45
1958-10-01,8.58
1958-11-01,0.87
1958-12-01,-0.83
1959-01-01,-3.8
1959-02-01,-2.76
1959-03-01,0.51
1959-04-01,6.21
1959-05-01,10.69
1959-06-01,17.96
1959-07-01,20.13
1959-08-01,18.34
1959-09-01,13.19
1959-10-01,7.34
1959-11-01,0.54
1959-12-01,-2.6
1960-01-01,-6.65
1960-02-01,-6.24
1960-03-01,1.61
1960-04-01,6.52
1960-05-01,10.88
1960-06-01,17.15
1960-07-01,20.4
1960-08-01,18.83
1960-09-01,15.57
1960-10-01,7.54
1960-11-01,1.11
1960-12-01,-4.84
1961-01-01,-4.87
1961-02-01,-1.06
1961-03-01,1.18
1961-04-01,5.24
1961-05-01,11.47
1961-06-01,18.06
1961-07-01,20.03
1961-08-01,19.15
1961-09-01,11.24
1961-10-01,6.92
1961-11-01,-1.13
1961-12-01,-6.88
1962-01-01,-7.76
1962-02-01,-1.66
1962-03-01,-2.08
1962-04-01,7.75
1962-05-01,10.67
1962-06-01,15.76
1962-07-01,18.94
1962-08-01,18.34
1962-09-01,14.48
1962-10-01,9.04
1962-11-01,2.9
1962-12-01,-2.69
1963-01-01,-8.66
1963-02-01,0.39
1963-03-01,0.4
1963-04-01,5.08
1963-05-01,12.83
1963-06-01,15.54
1963-07-01,20.6
1963-08-01,18.72
1963-09-01,15.77
1963-10-01,10.85
1963-11-01,2.0
1963-12-01,-4.69
1964-01-01,-6.45
1964-02-01,-5.98
1964-03-01,-2.83
1964-04-01,4.42
1964-05-01,10.81
1964-06-01,15.05
1964-07-01,20.9
1964-08-01,17.76
1964-09-01,13.46
1964-10-01,9.07
1964-11-01,-0.96
1964-12-01,-4.72
1965-01-01,-3.35
1965-02-01,-3.65
1965-03-01,-2.22
1965-04-01,5.4
1965-05-01,9.41
1965-06-01,14.22
1965-07-01,19.04
1965-08-01,17.54
1965-09-01,11.0
1965-10-01,9.17
1965-11-01,3.21
1965-12-01,-3.41
1966-01-01,-6.26
1966-02-01,-5.77
1966-03-01,1.37
1966-04-01,5.7
1966-05-01,12.36
1966-06-01,15.92
1966-07-01,20.59
1966-08-01,18.62
1966-09-01,14.6
1966-10-01,7.25
1966-11-01,2.69
1966-12-01,-5.16
1967-01-01,-5.04
1967-02-01,-2.41
1967-03-01,3.16
1967-04-01,4.78
1967-05-01,9.76
1967-06-01,14.26
1967-07-01,19.96
1967-08-01,18.73
1967-09-01,14.42
1967-10-01,8.69
1967-11-01,1.91
1967-12-01,-7.64
1968-01-01,-7.63
1968-02-01,-1.49
1968-03-01,1.6
1968-04-01,3.22
1968-05-01,9.8
1968-06-01,16.38
1968-07-01,19.33
1968-08-01,16.16
1968-09-01,12.74
1968-10-01,8.04
1968-11-01,-0.5
1968-12-01,-6.26
1969-01-01,-2.66
1969-02-01,-3.84
1969-03-01,-2.36
1969-04-01,6.81
1969-05-01,13.04
1969-06-01,14.35
1969-07-01,19.98
1969-08-01,20.07
1969-09-01,15.04
1969-10-01,4.44
1969-11-01,0.12
1969-12-01,-2.67
1970-01-01,-4.07
1970-02-01,0.07
1970-03-01,-0.37
1970-04-01,2.47
1970-05-01,11.26
1970-06-01,15.63
1970-07-01,19.69
1970-08-01,19.77
1970-09-01,12.22
1970-10-01,4.93
1970-11-01,1.23
1970-12-01,-4.19
1971-01-01,-3.82
1971-02-01,-2.69
1971-03-01,0.32
1971-04-01,5.34
1971-05-01,9.69
1971-06-01,16.32
1971-07-01,19.96
1971-08-01,19.49
1971-09-01,11.99
1971-10-01,6.35
1971-11-01,-1.13
1971-12-01,-6.51
1972-01-01,-4.35
1972-02-01,-1.32
1972-03-01,4.45
1972-04-01,6.29
1972-05-01,11.08
1972-06-01,16.7
1972-07-01,19.66
1972-08-01,18.38
1972-09-01,13.58
1972-10-01,7.92
1972-11-01,-1.35
1972-12-01,-7.28
1973-01-01,-9.57
1973-02-01,-5.35
1973-03-01,-0.73
1973-04-01,3.13
1973-05-01,10.66
1973-06-01,15.35
1973-07-01,18.91
1973-08-01,18.68
1973-09-01,12.9
1973-10-01,8.38
1973-11-01,0.84
1973-12-01,-3.85
1974-01-01,-7.87
1974-02-01,-6.17
1974-03-01,3.29
1974-04-01,4.74
1974-05-01,12.24
1974-06-01,17.71
1974-07-01,19.56
1974-08-01,17.62
1974-09-01,13.54
1974-10-01,8.68
1974-11-01,0.86
1974-12-01,-5.42
1975-01-01,-6.1
1975-02-01,-3.81
1975-03-01,0.22
1975-04-01,2.66
1975-05-01,8.73
1975-06-01,14.05
1975-07-01,19.6
1975-08-01,17.48
1975-09-01,13.47
1975-10-01,7.31
1975-11-01,-0.47
1975-12-01,-3.74
1976-01-01,-5.53
1976-02-01,-0.89
1976-03-01,-0.66
1976-04-01,5.68
1976-05-01,11.55
1976-06-01,15.37
1976-07-01,20.32
1976-08-01,17.66
1976-09-01,14.01
1976-10-01,6.38
1976-11-01,1.02
1976-12-01,-3.81
1977-01-01,-5.82
1977-02-01,-1.0
1977-03-01,-0.59
1977-04-01,7.39
1977-05-01,10.25
1977-06-01,18.54
1977-07-01,19.9
1977-08-01,18.87
1977-09-01,14.8
1977-10-01,8.78
1977-11-01,1.62
1977-12-01,-1.32
1978-01-01,-3.51
1978-02-01,-2.71
1978-03-01,3.22
1978-04-01,6.55
1978-05-01,9.69
1978-06-01,16.55
1978-07-01,19.95
1978-08-01,18.03
1978-09-01,13.8
1978-10-01,9.24
1978-11-01,0.49
1978-12-01,-8.68
1979-01-01,-9.98
1979-02-01,-5.29
1979-03-01,0.2
1979-04-01,5.52
1979-05-01,10.49
1979-06-01,15.73
1979-07-01,19.79
1979-08-01,17.97
1979-09-01,15.88
1979-10-01,9.32
1979-11-01,-2.73
1979-12-01,-3.77
1980-01-01,-3.52
1980-02-01,-1.45
1980-03-01,-0.33
1980-04-01,5.12
1980-05-01,9.72
1980-06-01,16.58
1980-07-01,20.32
1980-08-01,18.17
1980-09-01,14.23
1980-10-01,7.37
1980-11-01,1.41
1980-12-01,0.74
1981-01-01,-0.78
1981-02-01,-0.71
1981-03-01,1.82
1981-04-01,8.27
1981-05-01,10.5
1981-06-01,17.74
1981-07-01,20.11
1981-08-01,18.85
1981-09-01,15.28
1981-10-01,6.94
1981-11-01,2.56
1981-12-01,-2.13
1982-01-01,-5.18
1982-02-01,-3.75
1982-03-01,1.48
1982-04-01,4.44
1982-05-01,10.18
1982-06-01,15.09
1982-07-01,19.22
1982-08-01,19.36
1982-09-01,13.91
1982-10-01,5.79
1982-11-01,-0.69
1982-12-01,-4.18
1983-01-01,-2.94
1983-02-01,-1.43
1983-03-01,1.63
1983-04-01,2.79
1983-05-01,8.94
1983-06-01,14.75
1983-07-01,19.17
1983-08-01,19.8
1983-09-01,15.25
1983-10-01,8.64
1983-11-01,0.51
1983-12-01,-5.24
1984-01-01,-7.53
1984-02-01,-4.84
1984-03-01,0.1
1984-04-01,3.59
1984-05-01,12.59
1984-06-01,15.1
1984-07-01,20.01
1984-08-01,18.87
1984-09-01,14.18
1984-10-01,4.76
1984-11-01,0.59
1984-12-01,-4.31
1985-01-01,-6.14
1985-02-01,-5.56
1985-03-01,0.9
1985-04-01,7.37
1985-05-01,11.86
1985-06-01,17.13
1985-07-01,20.2
1985-08-01,18.85
1985-09-01,11.83
1985-10-01,7.59
1985-11-01,-0.45
1985-12-01,-4.09
1986-01-01,-2.09
1986-02-01,-0.19
1986-03-01,4.58
1986-04-01,6.25
1986-05-01,10.62
1986-06-01,17.63
1986-07-01,18.56
1986-08-01,19.27
1986-09-01,11.97
1986-10-01,6.81
1986-11-01,1.0
1986-12-01,-3.26
1987-01-01,-5.46
1987-02-01,-1.64
1987-03-01,0.13
1987-04-01,7.78
1987-05-01,11.49
1987-06-01,17.27
1987-07-01,18.79
1987-08-01,17.71
1987-09-01,14.17
1987-10-01,9.55
1987-11-01,0.63
1987-12-01,-5.18
1988-01-01,-7.18
1988-02-01,-2.51
1988-03-01,0.15
1988-04-01,6.72
1988-05-01,11.0
1988-06-01,18.49
1988-07-01,20.84
1988-08-01,19.13
1988-09-01,13.33
1988-10-01,10.86
1988-11-01,0.55
1988-12-01,-4.78
1989-01-01,-6.73
1989-02-01,-4.86
1989-03-01,4.03
1989-04-01,8.73
1989-05-01,12.0
1989-06-01,15.95
1989-07-01,21.13
1989-08-01,18.01
1989-09-01,14.59
1989-10-01,7.95
1989-11-01,1.93
1989-12-01,-3.81
1990-01-01,-4.31
1990-02-01,-2.81
1990-03-01,3.12
1990-04-01,7.89
1990-05-01,10.5
1990-06-01,17.92
1990-07-01,19.85
1990-08-01,18.64
1990-09-01,16.25
1990-10-01,7.83
1990-11-01,1.19
1990-12-01,-8.06
1991-01-01,-6.96
1991-02-01,-0.83
1991-03-01,0.57
1991-04-01,4.65
1991-05-01,10.62
1991-06-01,16.07
1991-07-01,19.65
1991-08-01,19.09
1991-09-01,14.36
1991-10-01,8.78
1991-11-01,-0.46
1991-12-01,-4.92
1992-01-01,-5.94
1992-02-01,-0.93
1992-03-01,3.5
1992-04-01,9.37
1992-05-01,12.71
1992-06-01,15.91
1992-07-01,18.17
1992-08-01,18.62
1992-09-01,14.57
1992-10-01,9.76
1992-11-01,-1.94
1992-12-01,-6.47
1993-01-01,-4.27
1993-02-01,-3.57
1993-03-01,2.37
1993-04-01,5.5
1993-05-01,11.72
1993-06-01,15.04
1993-07-01,18.23
1993-08-01,17.67
1993-09-01,13.63
1993-10-01,7.08
1993-11-01,-1.68
1993-12-01,-4.25
1994-01-01,-3.04
1994-02-01,-3.45
1994-03-01,3.59
1994-04-01,6.69
1994-05-01,12.62
1994-06-01,18.73
1994-07-01,20.77
1994-08-01,20.44
1994-09-01,15.1
1994-10-01,7.14
1994-11-01,-1.54
1994-12-01,-2.85
1995-01-01,-3.63
1995-02-01,1.68
1995-03-01,2.43
1995-04-01,4.81
1995-05-01,8.64
1995-06-01,14.29
1995-07-01,18.8
1995-08-01,20.17
1995-09-01,14.76
1995-10-01,7.59
1995-11-01,3.28
1995-12-01,-1.76
1996-01-01,-4.1
1996-02-01,-0.57
1996-03-01,1.96
1996-04-01,6.16
1996-05-01,12.59
1996-06-01,17.75
1996-07-01,21.03
1996-08-01,19.79
1996-09-01,12.91
1996-10-01,7.11
1996-11-01,1.36
1996-12-01,-3.39
1997-01-01,-4.52
1997-02-01,-3.39
1997-03-01,3.14
1997-04-01,3.93
1997-05-01,12.08
1997-06-01,16.69
1997-07-01,19.08
1997-08-01,18.57
1997-09-01,14.94
1997-10-01,7.39
1997-11-01,0.58
1997-12-01,-4.7
1998-01-01,-2.49
1998-02-01,-2.4
1998-03-01,1.1
1998-04-01,4.72
1998-05-01,11.14
1998-06-01,14.23
1998-07-01,21.02
1998-08-01,19.66
1998-09-01,16.22
1998-10-01,7.79
1998-11-01,1.84
1998-12-01,-3.88
1999-01-01,-1.81
1999-02-01,-0.82
1999-03-01,4.1
1999-04-01,4.1
1999-05-01,9.82
1999-06-01,15.74
1999-07-01,19.86
1999-08-01,18.26
1999-09-01,13.16
1999-10-01,9.21
1999-11-01,4.27
1999-12-01,-3.59
2000-01-01,-2.15
2000-02-01,0.37
2000-03-01,1.98
2000-04-01,8.54
2000-05-01,13.42
2000-06-01,17.54
2000-07-01,21.11
2000-08-01,20.51
2000-09-01,14.78
2000-10-01,8.07
2000-11-01,-3.23
2000-12-01,-3.24
2001-01-01,-4.85
2001-02-01,-2.15
2001-03-01,2.89
2001-04-01,7.01
2001-05-01,12.83
2001-06-01,17.64
2001-07-01,20.78
2001-08-01,19.61
2001-09-01,16.2
2001-10-01,9.1
2001-11-01,2.69
2001-12-01,-5.15
2002-01-01,-4.97
2002-02-01,-3.6
2002-03-01,0.16
2002-04-01,8.31
2002-05-01,11.82
2002-06-01,18.82
2002-07-01,22.1
2002-08-01,19.28
2002-09-01,14.31
2002-10-01,6.63
2002-11-01,0.37
2002-12-01,-3.53
2003-01-01,-0.52
2003-02-01,-2.83
2003-03-01,2.34
2003-04-01,6.4
2003-05-01,12.26
2003-06-01,16.38
2003-07-01,22.84
2003-08-01,20.41
2003-09-01,14.39
2003-10-01,10.82
2003-11-01,-0.46
2003-12-01,-2.85
2004-01-01,-5.05
2004-02-01,-3.88
2004-03-01,5.35
2004-04-01,7.05
2004-05-01,12.1
2004-06-01,16.63
2004-07-01,19.71
2004-08-01,18.01
2004-09-01,13.6
2004-10-01,7.72
2004-11-01,0.72
2004-12-01,-2.87
2005-01-01,-0.96
2005-02-01,-1.08
2005-03-01,1.77
2005-04-01,6.28
2005-05-01,11.68
2005-06-01,15.07
2005-07-01,21.39
2005-08-01,18.21
2005-09-01,14.57
2005-10-01,8.85
2005-11-01,2.12
2005-12-01,-3.88
2006-01-01,-3.04
2006-02-01,-2.37
2006-03-01,0.88
2006-04-01,7.69
2006-05-01,13.04
2006-06-01,18.58
2006-07-01,21.41
2006-08-01,18.61
2006-09-01,12.22
2006-10-01,6.79
2006-11-01,1.74
2006-12-01,-3.62
2007-01-01,-6.41
2007-02-01,-0.93
2007-03-01,4.17
2007-04-01,7.2
2007-05-01,11.94
2007-06-01,17.97
2007-07-01,21.94
2007-08-01,20.27
2007-09-01,14.83
2007-10-01,8.15
2007-11-01,3.3
2007-12-01,-5.73
2008-01-01,-7.42
2008-02-01,-3.05
2008-03-01,0.42
2008-04-01,4.32
2008-05-01,9.83
2008-06-01,16.17
2008-07-01,20.81
2008-08-01,19.46
2008-09-01,14.33
2008-10-01,8.48
2008-11-01,3.21
2008-12-01,-4.26
2009-01-01,-2.99
2009-02-01,-1.02
2009-03-01,2.38
2009-04-01,5.56
2009-05-01,12.83
2009-06-01,14.95
2009-07-01,20.32
2009-08-01,18.6
2009-09-01,15.3
2009-10-01,5.66
2009-11-01,2.47
2009-12-01,-7.2
2010-01-01,-4.73
2010-02-01,-3.85
2010-03-01,1.53
2010-04-01,5.77
2010-05-01,9.14
2010-06-01,17.08
2010-07-01,20.47
2010-08-01,18.44
2010-09-01,15.78
2010-10-01,9.19
2010-11-01,0.01
2010-12-01,-1.13
2011-01-01,-5.39
2011-02-01,-4.53
2011-03-01,2.35
2011-04-01,5.07
2011-05-01,9.04
2011-06-01,16.11
2011-07-01,20.2
2011-08-01,20.23
2011-09-01,15.1
2011-10-01,8.17
2011-11-01,0.51
2011-12-01,-4.29
2012-01-01,-2.32
2012-02-01,-2.41
2012-03-01,4.24
2012-04-01,8.32
2012-05-01,12.81
2012-06-01,19.11
2012-07-01,20.91
2012-08-01,20.34
2012-09-01,15.48
2012-10-01,8.6
2012-11-01,3.52
2012-12-01,-4.19
2013-01-01,-7.08
2013-02-01,-3.98
2013-03-01,2.54
2013-04-01,5.13
2013-05-01,11.62
2013-06-01,18.71
2013-07-01,21.26
2013-08-01,19.34
2013-09-01,15.01
2013-10-01,6.39
2013-11-01,1.43
2013-12-01,-5.9
2014-01-01,-2.96
2014-02-01,-0.57
2014-03-01,2.78
2014-04-01,6.01
2014-05-01,11.37
2014-06-01,16.69
2014-07-01,21.04
2014-08-01,17.73
2014-09-01,15.72
2014-10-01,9.76
2014-11-01,1.05
2014-12-01,-2.07
2015-01-01,-1.88
2015-02-01,1.39
2015-03-01,5.13
2015-04-01,6.54
2015-05-01,9.95
2015-06-01,18.62
2015-07-01,18.75
2015-08-01,19.21
2015-09-01,16.49
2015-10-01,10.91
2015-11-01,0.4
2015-12-01,-4.98
2016-01-01,-4.62
2016-02-01,-0.23
2016-03-01,3.3
2016-04-01,6.72
2016-05-01,10.52
2016-06-01,19.54
2016-07-01,20.67
2016-08-01,18.34
2016-09-01,14.56
2016-10-01,10.16
2016-11-01,3.82
2016-12-01,-4.03
2017-01-01,-4.65
2017-02-01,0.75
2017-03-01,5.4
2017-04-01,6.3
2017-05-01,11.13
2017-06-01,18.66
2017-07-01,21.29
2017-08-01,19.12
2017-09-01,14.75
2017-10-01,7.89
2017-11-01,4.84
2017-12-01,-1.14
2018-01-01,-1.4
2018-02-01,-1.46
2018-03-01,2.37
2018-04-01,7.64
2018-05-01,13.34
2018-06-01,18.89
2018-07-01,21.96
2018-08-01,19.97
2018-09-01,16.77
2018-10-01,7.25
2018-11-01,-0.09
2018-12-01,-3.88
2019-01-01,-4.47
2019-02-01,-4.77
2019-03-01,1.36
2019-04-01,7.57
2019-05-01,8.67
2019-06-01,15.77
2019-07-01,20.69
2019-08-01,20.4
2019-09-01,16.05
2019-10-01,5.03
2019-11-01,2.11
2019-12-01,-3.61
