Date,precip_cm
1895-01-01,6.095000000000001
1895-02-01,4.149
1895-03-01,2.789
1895-04-01,1.3
1895-05-01,3.712
1895-06-01,2.038
1895-07-01,3.572
1895-08-01,2.764
1895-09-01,1.886
1895-10-01,2.289
1895-11-01,4.74
1895-12-01,2.65
1896-01-01,2.912
1896-02-01,2.259
1896-03-01,3.088
1896-04-01,2.0940000000000003
1896-05-01,2.096
1896-06-01,0.5589999999999999
1896-07-01,5.446
1896-08-01,3.157
1896-09-01,5.88
1896-10-01,2.389
1896-11-01,2.947
1896-12-01,1.6629999999999998
1897-01-01,3.957
1897-02-01,6.817
1897-03-01,6.17
1897-04-01,2.529
1897-05-01,3.011
1897-06-01,1.21
1897-07-01,2.894
1897-08-01,2.034
1897-09-01,5.797
1897-10-01,5.393
1897-11-01,2.043
1897-12-01,4.556
1898-01-01,3.025
1898-02-01,1.111
1898-03-01,2.684
1898-04-01,3.029
1898-05-01,6.766
1898-06-01,1.805
1898-07-01,3.118
1898-08-01,2.684
1898-09-01,0.8470000000000001
1898-10-01,1.56
1898-11-01,2.568
1898-12-01,2.409
1899-01-01,2.694
1899-02-01,4.697
1899-03-01,5.132
1899-04-01,1.767
1899-05-01,0.8960000000000001
1899-06-01,3.799
1899-07-01,3.483
1899-08-01,4.319
1899-09-01,0.93
1899-10-01,4.549
1899-11-01,1.861
1899-12-01,3.451
1900-01-01,1.156
1900-02-01,2.322
1900-03-01,0.944
1900-04-01,7.619
1900-05-01,1.376
1900-06-01,1.381
1900-07-01,0.6
1900-08-01,1.206
1900-09-01,4.088
1900-10-01,2.1100000000000003
1900-11-01,3.264
1900-12-01,0.617
1901-01-01,2.529
1901-02-01,3.751
1901-03-01,2.919
1901-04-01,3.111
1901-05-01,3.867
1901-06-01,1.539
1901-07-01,1.419
1901-08-01,4.8420000000000005
1901-09-01,0.613
1901-10-01,1.942
1901-11-01,0.912
1901-12-01,2.747
1902-01-01,1.7559999999999998
1902-02-01,2.09
1902-03-01,2.868
1902-04-01,2.178
1902-05-01,2.678
1902-06-01,1.119
1902-07-01,1.767
1902-08-01,2.553
1902-09-01,3.222
1902-10-01,1.077
1902-11-01,3.8
1902-12-01,3.4270000000000005
1903-01-01,2.602
1903-02-01,4.013
1903-03-01,4.157
1903-04-01,4.1450000000000005
1903-05-01,3.242
1903-06-01,3.232
1903-07-01,3.205
1903-08-01,1.441
1903-09-01,4.335
1903-10-01,1.907
1903-11-01,1.186
1903-12-01,0.861
1904-01-01,1.488
1904-02-01,3.268
1904-03-01,5.705
1904-04-01,1.866
1904-05-01,4.356
1904-06-01,2.254
1904-07-01,2.076
1904-08-01,4.546
1904-09-01,2.409
1904-10-01,2.766
1904-11-01,0.064
1904-12-01,2.173
1905-01-01,4.3340000000000005
1905-02-01,6.901999999999999
1905-03-01,6.196
1905-04-01,5.6
1905-05-01,4.763
1905-06-01,1.3039999999999998
1905-07-01,2.426
1905-08-01,2.102
1905-09-01,4.608
1905-10-01,1.686
1905-11-01,4.824
1905-12-01,1.322
1906-01-01,4.172
1906-02-01,1.693
1906-03-01,8.997
1906-04-01,7.039
1906-05-01,5.381
1906-06-01,0.72
1906-07-01,3.458
1906-08-01,4.067
1906-09-01,5.263
1906-10-01,2.65
1906-11-01,5.609
1906-12-01,4.579
1907-01-01,4.441
1907-02-01,3.372
1907-03-01,3.725
1907-04-01,3.4200000000000004
1907-05-01,4.816
1907-06-01,2.593
1907-07-01,2.85
1907-08-01,5.843999999999999
1907-09-01,2.365
1907-10-01,3.321
1907-11-01,1.171
1907-12-01,3.916
1908-01-01,2.51
1908-02-01,3.877
1908-03-01,2.682
1908-04-01,2.555
1908-05-01,4.2170000000000005
1908-06-01,1.955
1908-07-01,2.728
1908-08-01,5.247999999999999
1908-09-01,3.2299999999999995
1908-10-01,5.579
1908-11-01,2.163
1908-12-01,5.402
1909-01-01,6.926
1909-02-01,4.445
1909-03-01,2.228
1909-04-01,3.34
1909-05-01,1.838
1909-06-01,0.9
1909-07-01,4.089
1909-08-01,7.529999999999999
1909-09-01,4.637
1909-10-01,0.965
1909-11-01,4.511
1909-12-01,5.5600000000000005
1910-01-01,3.216
1910-02-01,2.732
1910-03-01,1.579
1910-04-01,1.685
1910-05-01,1.508
1910-06-01,1.329
1910-07-01,3.397
1910-08-01,2.855
1910-09-01,3.127
1910-10-01,4.24
1910-11-01,2.907
1910-12-01,3.303
1911-01-01,5.507
1911-02-01,5.102
1911-03-01,3.765
1911-04-01,2.6710000000000003
1911-05-01,0.996
1911-06-01,3.049
1911-07-01,5.946
1911-08-01,2.489
1911-09-01,5.647
1911-10-01,5.693
1911-11-01,2.5420000000000003
1911-12-01,1.748
1912-01-01,1.826
1912-02-01,2.159
1912-03-01,8.748000000000001
1912-04-01,3.09
1912-05-01,1.992
1912-06-01,2.83
1912-07-01,4.678
1912-08-01,3.468
1912-09-01,1.791
1912-10-01,5.814
1912-11-01,1.361
1912-12-01,1.535
1913-01-01,2.306
1913-02-01,4.233
1913-03-01,2.336
1913-04-01,1.467
1913-05-01,0.843
1913-06-01,3.63
1913-07-01,4.294
1913-08-01,2.42
1913-09-01,3.999
1913-10-01,2.889
1913-11-01,4.2490000000000006
1913-12-01,4.083
1914-01-01,7.029999999999999
1914-02-01,2.707
1914-03-01,1.78
1914-04-01,4.5520000000000005
1914-05-01,3.821
1914-06-01,3.269
1914-07-01,6.247
1914-08-01,3.882
1914-09-01,1.942
1914-10-01,5.779999999999999
1914-11-01,0.2259999999999999
1914-12-01,2.184
1915-01-01,3.264
1915-02-01,4.006
1915-03-01,1.557
1915-04-01,5.858
1915-05-01,4.546
1915-06-01,2.527
1915-07-01,2.722
1915-08-01,1.789
1915-09-01,5.171
1915-10-01,0.554
1915-11-01,3.651
1915-12-01,4.095000000000001
1916-01-01,8.915000000000001
1916-02-01,3.382
1916-03-01,4.593999999999999
1916-04-01,2.349
1916-05-01,1.799
1916-06-01,0.123
1916-07-01,4.647
1916-08-01,4.9590000000000005
1916-09-01,1.883
1916-10-01,8.947
1916-11-01,1.29
1916-12-01,3.646
1917-01-01,3.567
1917-02-01,2.688
1917-03-01,2.283
1917-04-01,5.815
1917-05-01,6.454000000000001
1917-06-01,0.583
1917-07-01,3.282
1917-08-01,2.323
1917-09-01,3.264
1917-10-01,0.8099999999999999
1917-11-01,1.019
1917-12-01,1.1789999999999998
1918-01-01,4.989
1918-02-01,3.354
1918-03-01,5.698
1918-04-01,2.697
1918-05-01,1.228
1918-06-01,2.558
1918-07-01,4.738
1918-08-01,2.398
1918-09-01,4.171
1918-10-01,3.5780000000000003
1918-11-01,2.731
1918-12-01,3.198
1919-01-01,0.414
1919-02-01,3.594
1919-03-01,3.092
1919-04-01,3.467
1919-05-01,2.447
1919-06-01,0.322
1919-07-01,4.485
1919-08-01,2.498
1919-09-01,3.636
1919-10-01,4.428
1919-11-01,5.51
1919-12-01,2.369
1920-01-01,2.335
1920-02-01,4.546
1920-03-01,4.846
1920-04-01,5.674
1920-05-01,3.897
1920-06-01,1.628
1920-07-01,1.691
1920-08-01,3.663
1920-09-01,2.589
1920-10-01,5.14
1920-11-01,2.415
1920-12-01,2.5170000000000003
1921-01-01,3.137
1921-02-01,2.097
1921-03-01,3.335
1921-04-01,4.505
1921-05-01,4.246
1921-06-01,3.393
1921-07-01,4.424
1921-08-01,6.898000000000001
1921-09-01,1.024
1921-10-01,2.535
1921-11-01,1.747
1921-12-01,5.942
1922-01-01,3.391
1922-02-01,4.305
1922-03-01,3.798
1922-04-01,3.5770000000000004
1922-05-01,2.606
1922-06-01,0.891
1922-07-01,2.419
1922-08-01,4.757
1922-09-01,1.074
1922-10-01,1.407
1922-11-01,4.393
1922-12-01,4.431
1923-01-01,2.901
1923-02-01,2.323
1923-03-01,3.844
1923-04-01,4.683
1923-05-01,2.835
1923-06-01,1.177
1923-07-01,4.679
1923-08-01,5.897
1923-09-01,4.5920000000000005
1923-10-01,3.765
1923-11-01,2.709
1923-12-01,3.258
1924-01-01,1.834
1924-02-01,1.026
1924-03-01,5.43
1924-04-01,2.352
1924-05-01,2.769
1924-06-01,0.264
1924-07-01,3.365
1924-08-01,1.513
1924-09-01,2.783
1924-10-01,4.125
1924-11-01,1.936
1924-12-01,5.13
1925-01-01,1.598
1925-02-01,2.356
1925-03-01,3.057
1925-04-01,2.05
1925-05-01,2.232
1925-06-01,4.075
1925-07-01,4.723
1925-08-01,5.926
1925-09-01,5.202
1925-10-01,5.491
1925-11-01,2.064
1925-12-01,1.94
1926-01-01,1.962
1926-02-01,2.526
1926-03-01,3.279
1926-04-01,6.128
1926-05-01,4.529999999999999
1926-06-01,1.246
1926-07-01,4.324
1926-08-01,3.093
1926-09-01,3.002
1926-10-01,2.158
1926-11-01,3.037
1926-12-01,4.125
1927-01-01,2.668
1927-02-01,6.6930000000000005
1927-03-01,4.699
1927-04-01,2.509
1927-05-01,1.447
1927-06-01,5.551
1927-07-01,3.779
1927-08-01,4.426
1927-09-01,9.247
1927-10-01,2.926
1927-11-01,3.756
1927-12-01,3.3340000000000005
1928-01-01,1.264
1928-02-01,2.446
1928-03-01,4.088
1928-04-01,1.757
1928-05-01,5.25
1928-06-01,1.891
1928-07-01,2.308
1928-08-01,2.965
1928-09-01,1.097
1928-10-01,6.577
1928-11-01,4.853
1928-12-01,2.099
1929-01-01,3.198
1929-02-01,3.221
1929-03-01,4.214
1929-04-01,4.0520000000000005
1929-05-01,2.973
1929-06-01,0.6519999999999999
1929-07-01,5.478
1929-08-01,4.819
1929-09-01,7.2
1929-10-01,2.498
1929-11-01,1.0
1929-12-01,0.757
1930-01-01,5.481
1930-02-01,2.182
1930-03-01,2.784
1930-04-01,2.89
1930-05-01,3.586
1930-06-01,1.1960000000000002
1930-07-01,5.087
1930-08-01,5.902
1930-09-01,3.562
1930-10-01,1.895
1930-11-01,3.4840000000000004
1930-12-01,0.511
1931-01-01,0.696
1931-02-01,2.967
1931-03-01,2.775
1931-04-01,3.619
1931-05-01,2.21
1931-06-01,1.727
1931-07-01,3.16
1931-08-01,2.582
1931-09-01,3.669
1931-10-01,3.672
1931-11-01,5.148
1931-12-01,3.137
1932-01-01,2.857
1932-02-01,4.876
1932-03-01,3.616
1932-04-01,4.4990000000000006
1932-05-01,1.748
1932-06-01,1.808
1932-07-01,5.0600000000000005
1932-08-01,5.289
1932-09-01,1.256
1932-10-01,2.627
1932-11-01,0.6759999999999999
1932-12-01,3.647
1933-01-01,2.963
1933-02-01,2.14
1933-03-01,2.297
1933-04-01,4.511
1933-05-01,3.514
1933-06-01,0.97
1933-07-01,3.902
1933-08-01,2.689
1933-09-01,3.4590000000000005
1933-10-01,1.72
1933-11-01,2.754
1933-12-01,3.068
1934-01-01,1.5539999999999998
1934-02-01,4.222
1934-03-01,0.852
1934-04-01,2.541
1934-05-01,3.161
1934-06-01,1.102
1934-07-01,2.151
1934-08-01,3.5200000000000005
1934-09-01,2.265
1934-10-01,0.985
1934-11-01,3.554
1934-12-01,2.775
1935-01-01,3.411
1935-02-01,2.814
1935-03-01,3.759
1935-04-01,6.220000000000001
1935-05-01,5.507
1935-06-01,0.337
1935-07-01,2.695
1935-08-01,4.025
1935-09-01,3.168
1935-10-01,1.624
1935-11-01,1.684
1935-12-01,2.013
1936-01-01,3.007
1936-02-01,7.145999999999999
1936-03-01,3.5460000000000003
1936-04-01,1.5619999999999998
1936-05-01,1.4300000000000002
1936-06-01,2.426
1936-07-01,5.376
1936-08-01,5.493
1936-09-01,2.605
1936-10-01,3.471
1936-11-01,1.153
1936-12-01,4.535
1937-01-01,3.279
1937-02-01,5.2
1937-03-01,4.477
1937-04-01,2.136
1937-05-01,2.672
1937-06-01,2.306
1937-07-01,6.767
1937-08-01,3.529
1937-09-01,3.205
1937-10-01,2.609
1937-11-01,2.348
1937-12-01,4.075
1938-01-01,2.947
1938-02-01,3.86
1938-03-01,7.595999999999999
1938-04-01,3.09
1938-05-01,3.83
1938-06-01,3.402
1938-07-01,1.951
1938-08-01,3.3630000000000004
1938-09-01,5.118
1938-10-01,3.836
1938-11-01,2.56
1938-12-01,3.153
1939-01-01,3.801
1939-02-01,3.373
1939-03-01,3.2920000000000003
1939-04-01,1.797
1939-05-01,1.529
1939-06-01,0.949
1939-07-01,1.819
1939-08-01,2.195
1939-09-01,6.4030000000000005
1939-10-01,2.302
1939-11-01,0.8019999999999999
1939-12-01,1.125
1940-01-01,5.2780000000000005
1940-02-01,4.436
1940-03-01,2.849
1940-04-01,4.253
1940-05-01,1.75
1940-06-01,1.183
1940-07-01,2.338
1940-08-01,3.0620000000000003
1940-09-01,7.554
1940-10-01,3.7
1940-11-01,3.476
1940-12-01,4.502000000000001
1941-01-01,3.717
1941-02-01,3.608
1941-03-01,5.559
1941-04-01,7.784999999999999
1941-05-01,4.099
1941-06-01,4.1450000000000005
1941-07-01,2.688
1941-08-01,4.702
1941-09-01,5.666
1941-10-01,10.182
1941-11-01,2.099
1941-12-01,3.3590000000000004
1942-01-01,1.98
1942-02-01,3.2950000000000004
1942-03-01,3.204
1942-04-01,6.3340000000000005
1942-05-01,1.575
1942-06-01,0.761
1942-07-01,2.663
1942-08-01,2.107
1942-09-01,2.076
1942-10-01,3.387
1942-11-01,2.649
1942-12-01,3.044
1943-01-01,4.179
1943-02-01,2.418
1943-03-01,4.734
1943-04-01,1.99
1943-05-01,3.434
1943-06-01,3.953
1943-07-01,2.0620000000000003
1943-08-01,5.852
1943-09-01,1.498
1943-10-01,3.679
1943-11-01,1.785
1943-12-01,2.547
1944-01-01,3.968
1944-02-01,3.198
1944-03-01,4.535
1944-04-01,6.749
1944-05-01,3.695
1944-06-01,3.22
1944-07-01,2.041
1944-08-01,1.275
1944-09-01,1.486
1944-10-01,2.136
1944-11-01,3.844
1944-12-01,2.353
1945-01-01,2.322
1945-02-01,3.572
1945-03-01,5.007
1945-04-01,4.354
1945-05-01,2.7
1945-06-01,3.2920000000000003
1945-07-01,2.997
1945-08-01,5.366
1945-09-01,1.688
1945-10-01,3.26
1945-11-01,2.204
1945-12-01,3.4270000000000005
1946-01-01,1.638
1946-02-01,1.176
1946-03-01,3.3630000000000004
1946-04-01,4.305
1946-05-01,3.662
1946-06-01,0.859
1946-07-01,2.864
1946-08-01,5.363
1946-09-01,1.7440000000000002
1946-10-01,6.046
1946-11-01,4.936999999999999
1946-12-01,2.266
1947-01-01,2.2920000000000003
1947-02-01,2.494
1947-03-01,2.253
1947-04-01,3.601
1947-05-01,4.1770000000000005
1947-06-01,5.411
1947-07-01,2.034
1947-08-01,7.583
1947-09-01,2.404
1947-10-01,5.857
1947-11-01,3.01
1947-12-01,3.826
1948-01-01,2.411
1948-02-01,4.922
1948-03-01,4.587
1948-04-01,3.346
1948-05-01,1.165
1948-06-01,4.158
1948-07-01,2.214
1948-08-01,3.533
1948-09-01,1.732
1948-10-01,3.357
1948-11-01,2.612
1948-12-01,5.243
1949-01-01,6.1850000000000005
1949-02-01,2.505
1949-03-01,4.326
1949-04-01,2.2960000000000003
1949-05-01,4.867
1949-06-01,4.997999999999999
1949-07-01,3.529
1949-08-01,1.847
1949-09-01,2.814
1949-10-01,5.074
1949-11-01,0.95
1949-12-01,3.4560000000000004
1950-01-01,4.904
1950-02-01,2.384
1950-03-01,2.665
1950-04-01,3.178
1950-05-01,2.133
1950-06-01,0.99
1950-07-01,3.758
1950-08-01,0.858
1950-09-01,3.856
1950-10-01,0.6
1950-11-01,2.639
1950-12-01,2.458
1951-01-01,3.611
1951-02-01,2.506
1951-03-01,1.836
1951-04-01,3.972
1951-05-01,3.008
1951-06-01,1.674
1951-07-01,2.405
1951-08-01,5.526
1951-09-01,1.208
1951-10-01,4.4270000000000005
1951-11-01,3.2350000000000003
1951-12-01,8.153
1952-01-01,5.093
1952-02-01,1.99
1952-03-01,4.898
1952-04-01,3.977
1952-05-01,2.674
1952-06-01,2.776
1952-07-01,3.258
1952-08-01,4.315
1952-09-01,2.3120000000000003
1952-10-01,0.02
1952-11-01,2.773
1952-12-01,2.967
1953-01-01,2.8
1953-02-01,1.7899999999999998
1953-03-01,3.036
1953-04-01,3.624
1953-05-01,3.136
1953-06-01,1.341
1953-07-01,4.411
1953-08-01,4.387
1953-09-01,0.26
1953-10-01,3.958
1953-11-01,3.271
1953-12-01,1.847
1954-01-01,2.5620000000000003
1954-02-01,1.09
1954-03-01,5.034000000000001
1954-04-01,1.518
1954-05-01,2.897
1954-06-01,1.5470000000000002
1954-07-01,3.604
1954-08-01,2.343
1954-09-01,5.486
1954-10-01,3.022
1954-11-01,2.515
1954-12-01,2.278
1955-01-01,2.955
1955-02-01,4.309
1955-03-01,1.502
1955-04-01,1.81
1955-05-01,2.75
1955-06-01,1.689
1955-07-01,2.718
1955-08-01,5.126
1955-09-01,1.37
1955-10-01,1.035
1955-11-01,3.645000000000001
1955-12-01,3.431
1956-01-01,5.543
1956-02-01,2.556
1956-03-01,1.137
1956-04-01,3.005
1956-05-01,2.165
1956-06-01,0.673
1956-07-01,2.779
1956-08-01,2.047
1956-09-01,0.379
1956-10-01,2.67
1956-11-01,1.397
1956-12-01,2.749
1957-01-01,7.346999999999999
1957-02-01,2.337
1957-03-01,3.539
1957-04-01,6.2700000000000005
1957-05-01,8.074
1957-06-01,3.293
1957-07-01,4.676
1957-08-01,6.999
1957-09-01,0.563
1957-10-01,6.428
1957-11-01,5.786
1957-12-01,2.515
1958-01-01,1.902
1958-02-01,3.816
1958-03-01,4.602
1958-04-01,2.723
1958-05-01,2.057
1958-06-01,1.129
1958-07-01,1.268
1958-08-01,2.623
1958-09-01,3.491
1958-10-01,1.324
1958-11-01,2.76
1958-12-01,1.785
1959-01-01,1.682
1959-02-01,4.4030000000000005
1959-03-01,2.055
1959-04-01,3.12
1959-05-01,2.19
1959-06-01,2.3920000000000003
1959-07-01,1.7100000000000002
1959-08-01,4.886
1959-09-01,4.617
1959-10-01,4.34
1959-11-01,1.284
1959-12-01,3.426
1960-01-01,2.707
1960-02-01,4.622
1960-03-01,3.372
1960-04-01,2.553
1960-05-01,2.13
1960-06-01,1.382
1960-07-01,1.518
1960-08-01,1.428
1960-09-01,2.433
1960-10-01,4.996
1960-11-01,3.048
1960-12-01,2.307
1961-01-01,0.8210000000000001
1961-02-01,1.858
1961-03-01,5.574
1961-04-01,3.186
1961-05-01,2.532
1961-06-01,0.593
1961-07-01,2.477
1961-08-01,5.163
1961-09-01,7.698
1961-10-01,4.574
1961-11-01,2.858
1961-12-01,2.829
1962-01-01,3.736
1962-02-01,5.977
1962-03-01,2.113
1962-04-01,2.8
1962-05-01,2.58
1962-06-01,1.317
1962-07-01,1.545
1962-08-01,1.194
1962-09-01,3.606
1962-10-01,3.372
1962-11-01,2.298
1962-12-01,1.585
1963-01-01,3.097
1963-02-01,2.603
1963-03-01,2.858
1963-04-01,3.625
1963-05-01,0.782
1963-06-01,2.268
1963-07-01,2.164
1963-08-01,7.228
1963-09-01,3.418
1963-10-01,2.551
1963-11-01,2.1870000000000003
1963-12-01,1.339
1964-01-01,1.93
1964-02-01,1.52
1964-03-01,3.831
1964-04-01,4.755
1964-05-01,3.105
1964-06-01,2.684
1964-07-01,2.74
1964-08-01,4.045
1964-09-01,2.409
1964-10-01,0.347
1964-11-01,4.468
1964-12-01,6.327
1965-01-01,3.547
1965-02-01,2.607
1965-03-01,3.554
1965-04-01,4.75
1965-05-01,4.811
1965-06-01,4.577
1965-07-01,5.675
1965-08-01,4.033
1965-09-01,5.63
1965-10-01,2.274
1965-11-01,5.119
1965-12-01,5.343999999999999
1966-01-01,1.104
1966-02-01,2.413
1966-03-01,1.094
1966-04-01,2.12
1966-05-01,2.541
1966-06-01,1.7
1966-07-01,2.912
1966-08-01,3.391
1966-09-01,2.716
1966-10-01,2.714
1966-11-01,2.087
1966-12-01,6.612
1967-01-01,2.926
1967-02-01,1.534
1967-03-01,2.207
1967-04-01,1.934
1967-05-01,4.336
1967-06-01,5.117
1967-07-01,3.702
1967-08-01,3.814
1967-09-01,3.2270000000000003
1967-10-01,1.466
1967-11-01,1.836
1967-12-01,6.112
1968-01-01,1.479
1968-02-01,3.811
1968-03-01,2.364
1968-04-01,5.08
1968-05-01,3.03
1968-06-01,1.672
1968-07-01,3.475
1968-08-01,5.915
1968-09-01,1.14
1968-10-01,2.207
1968-11-01,2.615
1968-12-01,3.014
1969-01-01,6.645999999999999
1969-02-01,4.311
1969-03-01,2.211
1969-04-01,2.287
1969-05-01,1.888
1969-06-01,6.426
1969-07-01,3.491
1969-08-01,3.596
1969-09-01,3.184
1969-10-01,7.106999999999999
1969-11-01,1.966
1969-12-01,2.53
1970-01-01,2.288
1970-02-01,0.949
1970-03-01,4.705
1970-04-01,3.397
1970-05-01,1.091
1970-06-01,3.958
1970-07-01,3.3520000000000003
1970-08-01,3.378
1970-09-01,4.862
1970-10-01,3.917
1970-11-01,3.882
1970-12-01,2.702
1971-01-01,2.385
1971-02-01,2.658
1971-03-01,1.6670000000000005
1971-04-01,3.431
1971-05-01,4.273
1971-06-01,0.524
1971-07-01,1.966
1971-08-01,4.12
1971-09-01,3.025
1971-10-01,6.238
1971-11-01,2.72
1971-12-01,4.946
1972-01-01,1.806
1972-02-01,1.001
1972-03-01,1.376
1972-04-01,2.278
1972-05-01,1.532
1972-06-01,3.385
1972-07-01,1.3279999999999998
1972-08-01,2.564
1972-09-01,3.441
1972-10-01,10.832
1972-11-01,3.56
1972-12-01,5.107
1973-01-01,2.741
1973-02-01,1.88
1973-03-01,4.785
1973-04-01,4.074
1973-05-01,3.711
1973-06-01,3.016
1973-07-01,4.231
1973-08-01,2.841
1973-09-01,3.219
1973-10-01,1.288
1973-11-01,3.525
1973-12-01,3.135
1974-01-01,5.409000000000001
1974-02-01,1.387
1974-03-01,2.6870000000000003
1974-04-01,3.466
1974-05-01,0.378
1974-06-01,1.206
1974-07-01,3.826
1974-08-01,1.403
1974-09-01,1.26
1974-10-01,5.394
1974-11-01,2.426
1974-12-01,2.396
1975-01-01,3.567
1975-02-01,3.052
1975-03-01,5.681
1975-04-01,3.567
1975-05-01,4.044
1975-06-01,2.47
1975-07-01,4.372999999999999
1975-08-01,1.566
1975-09-01,2.004
1975-10-01,2.543
1975-11-01,3.028
1975-12-01,2.083
1976-01-01,1.386
1976-02-01,4.3100000000000005
1976-03-01,2.713
1976-04-01,3.153
1976-05-01,4.137
1976-06-01,1.98
1976-07-01,2.873
1976-08-01,2.63
1976-09-01,3.764
1976-10-01,0.931
1976-11-01,0.515
1976-12-01,0.307
1977-01-01,2.056
1977-02-01,1.219
1977-03-01,1.748
1977-04-01,1.954
1977-05-01,2.952
1977-06-01,0.799
1977-07-01,5.291
1977-08-01,4.715999999999999
1977-09-01,2.226
1977-10-01,2.305
1977-11-01,3.128
1977-12-01,3.146
1978-01-01,5.617
1978-02-01,3.781
1978-03-01,5.62
1978-04-01,4.385
1978-05-01,4.308
1978-06-01,1.096
1978-07-01,1.396
1978-08-01,1.958
1978-09-01,2.339
1978-10-01,2.277
1978-11-01,6.229
1978-12-01,6.4510000000000005
1979-01-01,5.872999999999999
1979-02-01,2.884
1979-03-01,5.582
1979-04-01,1.881
1979-05-01,4.742
1979-06-01,1.424
1979-07-01,1.444
1979-08-01,3.4520000000000004
1979-09-01,0.404
1979-10-01,2.95
1979-11-01,3.525
1979-12-01,2.047
1980-01-01,7.891
1980-02-01,6.078
1980-03-01,4.982
1980-04-01,2.714
1980-05-01,5.697
1980-06-01,0.368
1980-07-01,1.958
1980-08-01,3.108
1980-09-01,3.2090000000000005
1980-10-01,3.56
1980-11-01,1.713
1980-12-01,1.3279999999999998
1981-01-01,1.105
1981-02-01,1.4300000000000002
1981-03-01,5.013
1981-04-01,2.349
1981-05-01,6.135
1981-06-01,1.5630000000000002
1981-07-01,4.542
1981-08-01,3.251
1981-09-01,3.143
1981-10-01,7.009
1981-11-01,2.5
1981-12-01,3.4590000000000005
1982-01-01,4.343
1982-02-01,2.37
1982-03-01,4.9270000000000005
1982-04-01,2.014
1982-05-01,3.403
1982-06-01,1.193
1982-07-01,3.423
1982-08-01,5.345000000000001
1982-09-01,7.584999999999999
1982-10-01,2.672
1982-11-01,4.542
1982-12-01,3.2350000000000003
1983-01-01,2.244
1983-02-01,3.124
1983-03-01,6.268
1983-04-01,4.012
1983-05-01,4.718999999999999
1983-06-01,3.474
1983-07-01,4.325
1983-08-01,4.62
1983-09-01,3.618
1983-10-01,2.895
1983-11-01,6.545
1983-12-01,7.314
1984-01-01,1.478
1984-02-01,1.7100000000000002
1984-03-01,3.798
1984-04-01,4.335
1984-05-01,1.856
1984-06-01,4.533
1984-07-01,4.637
1984-08-01,5.315
1984-09-01,3.5200000000000005
1984-10-01,5.798
1984-11-01,2.229
1984-12-01,4.582
1985-01-01,2.732
1985-02-01,1.926
1985-03-01,5.549
1985-04-01,4.934
1985-05-01,3.034
1985-06-01,1.7079999999999995
1985-07-01,5.2170000000000005
1985-08-01,0.937
1985-09-01,5.538
1985-10-01,4.727
1985-11-01,6.558
1985-12-01,2.213
1986-01-01,1.168
1986-02-01,5.189
1986-03-01,3.236
1986-04-01,5.447
1986-05-01,3.093
1986-06-01,2.223
1986-07-01,5.093999999999999
1986-08-01,4.024
1986-09-01,5.894
1986-10-01,4.871
1986-11-01,4.415
1986-12-01,1.48
1987-01-01,3.007
1987-02-01,3.734
1987-03-01,3.905
1987-04-01,1.618
1987-05-01,4.588
1987-06-01,1.6829999999999998
1987-07-01,4.156000000000001
1987-08-01,4.828
1987-09-01,1.106
1987-10-01,3.632
1987-11-01,4.511
1987-12-01,3.465
1988-01-01,3.837
1988-02-01,1.83
1988-03-01,2.633
1988-04-01,3.849
1988-05-01,2.766
1988-06-01,2.402
1988-07-01,1.6
1988-08-01,3.918
1988-09-01,3.104
1988-10-01,0.799
1988-11-01,3.976
1988-12-01,2.845
1989-01-01,2.676
1989-02-01,3.981
1989-03-01,2.842
1989-04-01,1.337
1989-05-01,1.7879999999999998
1989-06-01,1.3279999999999998
1989-07-01,3.446
1989-08-01,3.414
1989-09-01,2.321
1989-10-01,2.065
1989-11-01,1.308
1989-12-01,1.16
1990-01-01,2.327
1990-02-01,2.863
1990-03-01,3.471
1990-04-01,4.269
1990-05-01,2.326
1990-06-01,1.963
1990-07-01,4.068
1990-08-01,2.758
1990-09-01,4.519
1990-10-01,3.5170000000000003
1990-11-01,3.08
1990-12-01,2.962
1991-01-01,2.388
1991-02-01,1.232
1991-03-01,4.981
1991-04-01,2.882
1991-05-01,3.012
1991-06-01,2.558
1991-07-01,3.089
1991-08-01,3.986
1991-09-01,3.978
1991-10-01,3.053
1991-11-01,4.856
1991-12-01,2.3920000000000003
1992-01-01,1.69
1992-02-01,2.8440000000000003
1992-03-01,4.544
1992-04-01,1.732
1992-05-01,6.323
1992-06-01,1.6949999999999998
1992-07-01,4.308
1992-08-01,3.876
1992-09-01,2.057
1992-10-01,3.131
1992-11-01,3.039
1992-12-01,3.886
1993-01-01,6.63
1993-02-01,5.922
1993-03-01,4.068
1993-04-01,3.54
1993-05-01,4.3950000000000005
1993-06-01,2.022
1993-07-01,1.397
1993-08-01,4.938000000000001
1993-09-01,1.988
1993-10-01,5.037
1993-11-01,3.032
1993-12-01,1.496
1994-01-01,1.575
1994-02-01,3.98
1994-03-01,2.015
1994-04-01,4.705
1994-05-01,2.037
1994-06-01,1.08
1994-07-01,0.923
1994-08-01,3.38
1994-09-01,3.673
1994-10-01,4.831
1994-11-01,4.366
1994-12-01,2.413
1995-01-01,3.918
1995-02-01,3.0620000000000003
1995-03-01,5.627000000000001
1995-04-01,4.746
1995-05-01,8.339
1995-06-01,3.606
1995-07-01,2.831
1995-08-01,3.305
1995-09-01,3.575
1995-10-01,1.517
1995-11-01,2.357
1995-12-01,2.245
1996-01-01,4.633
1996-02-01,3.757
1996-03-01,2.7
1996-04-01,2.574
1996-05-01,2.891
1996-06-01,2.333
1996-07-01,2.3120000000000003
1996-08-01,1.63
1996-09-01,4.295
1996-10-01,4.93
1996-11-01,4.646
1996-12-01,4.363
1997-01-01,5.94
1997-02-01,2.346
1997-03-01,1.214
1997-04-01,5.65
1997-05-01,3.857
1997-06-01,2.908
1997-07-01,3.2270000000000003
1997-08-01,6.254
1997-09-01,7.767
1997-10-01,3.929
1997-11-01,2.6
1997-12-01,2.031
1998-01-01,3.012
1998-02-01,3.586
1998-03-01,4.628
1998-04-01,3.4479999999999995
1998-05-01,1.835
1998-06-01,3.778
1998-07-01,4.5600000000000005
1998-08-01,2.564
1998-09-01,3.181
1998-10-01,6.784000000000001
1998-11-01,3.262
1998-12-01,1.641
1999-01-01,2.866
1999-02-01,2.47
1999-03-01,1.268
1999-04-01,7.753
1999-05-01,3.912
1999-06-01,2.51
1999-07-01,5.163
1999-08-01,6.198
1999-09-01,3.04
1999-10-01,0.592
1999-11-01,0.745
1999-12-01,1.77
2000-01-01,3.755
2000-02-01,3.797
2000-03-01,5.015
2000-04-01,2.006
2000-05-01,2.306
2000-06-01,1.406
2000-07-01,1.624
2000-08-01,3.932
2000-09-01,3.158
2000-10-01,5.207
2000-11-01,2.39
2000-12-01,2.252
2001-01-01,2.595
2001-02-01,3.39
2001-03-01,3.088
2001-04-01,3.734
2001-05-01,2.749
2001-06-01,1.083
2001-07-01,3.169
2001-08-01,4.448
2001-09-01,1.424
2001-10-01,1.736
2001-11-01,3.097
2001-12-01,2.351
2002-01-01,1.277
2002-02-01,1.008
2002-03-01,2.3
2002-04-01,1.775
2002-05-01,0.903
2002-06-01,0.407
2002-07-01,2.103
2002-08-01,1.905
2002-09-01,6.14
2002-10-01,4.008
2002-11-01,2.925
2002-12-01,2.018
2003-01-01,1.178
2003-02-01,4.357
2003-03-01,3.91
2003-04-01,2.152
2003-05-01,2.905
2003-06-01,2.049
2003-07-01,1.356
2003-08-01,3.613
2003-09-01,3.5409999999999995
2003-10-01,1.548
2003-11-01,4.26
2003-12-01,3.2590000000000003
2004-01-01,2.246
2004-02-01,3.874
2004-03-01,1.046
2004-04-01,5.662
2004-05-01,1.413
2004-06-01,2.236
2004-07-01,2.5
2004-08-01,2.389
2004-09-01,5.64
2004-10-01,5.638
2004-11-01,4.269
2004-12-01,2.728
2005-01-01,6.4590000000000005
2005-02-01,4.223
2005-03-01,3.289
2005-04-01,3.67
2005-05-01,3.186
2005-06-01,3.5340000000000003
2005-07-01,1.523
2005-08-01,4.036
2005-09-01,3.822
2005-10-01,4.138
2005-11-01,2.346
2005-12-01,2.911
2006-01-01,2.923
2006-02-01,1.406
2006-03-01,4.79
2006-04-01,2.244
2006-05-01,1.096
2006-06-01,1.017
2006-07-01,4.337
2006-08-01,4.0520000000000005
2006-09-01,4.766
2006-10-01,8.325
2006-11-01,2.237
2006-12-01,2.275
2007-01-01,2.08
2007-02-01,2.787
2007-03-01,2.56
2007-04-01,2.773
2007-05-01,3.141
2007-06-01,0.852
2007-07-01,3.38
2007-08-01,4.34
2007-09-01,4.856
2007-10-01,2.948
2007-11-01,1.075
2007-12-01,6.647
2008-01-01,5.146
2008-02-01,4.479
2008-03-01,2.257
2008-04-01,1.941
2008-05-01,3.537
2008-06-01,1.568
2008-07-01,2.061
2008-08-01,3.175
2008-09-01,2.575
2008-10-01,2.189
2008-11-01,2.629
2008-12-01,5.475
2009-01-01,2.962
2009-02-01,2.182
2009-03-01,2.508
2009-04-01,4.215
2009-05-01,4.074
2009-06-01,4.723
2009-07-01,1.979
2009-08-01,1.488
2009-09-01,2.363
2009-10-01,3.139
2009-11-01,1.283
2009-12-01,3.934
2010-01-01,3.718
2010-02-01,3.102
2010-03-01,3.548
2010-04-01,3.99
2010-05-01,2.78
2010-06-01,2.284
2010-07-01,3.317
2010-08-01,4.787
2010-09-01,1.7239999999999998
2010-10-01,5.464
2010-11-01,2.905
2010-12-01,6.725
2011-01-01,1.605
2011-02-01,3.038
2011-03-01,3.248
2011-04-01,5.264
2011-05-01,5.49
2011-06-01,1.364
2011-07-01,4.893
2011-08-01,2.718
2011-09-01,2.988
2011-10-01,4.086
2011-11-01,2.837
2011-12-01,1.961
2012-01-01,2.339
2012-02-01,3.272
2012-03-01,1.345
2012-04-01,1.839
2012-05-01,1.073
2012-06-01,0.2009999999999999
2012-07-01,4.404999999999999
2012-08-01,2.629
2012-09-01,2.487
2012-10-01,1.956
2012-11-01,1.513
2012-12-01,4.172
2013-01-01,2.9850000000000003
2013-02-01,1.805
2013-03-01,2.124
2013-04-01,3.789
2013-05-01,2.81
2013-06-01,0.144
2013-07-01,4.419
2013-08-01,4.343999999999999
2013-09-01,8.369
2013-10-01,4.065
2013-11-01,3.499
2013-12-01,2.645
2014-01-01,2.284
2014-02-01,3.063
2014-03-01,2.915
2014-04-01,2.366
2014-05-01,3.59
2014-06-01,0.8230000000000001
2014-07-01,3.531
2014-08-01,6.276
2014-09-01,6.252000000000001
2014-10-01,1.587
2014-11-01,2.866
2014-12-01,3.846
2015-01-01,2.129
2015-02-01,2.88
2015-03-01,2.314
2015-04-01,3.14
2015-05-01,7.865
2015-06-01,3.2299999999999995
2015-07-01,4.948
2015-08-01,3.683
2015-09-01,2.3
2015-10-01,4.275
2015-11-01,3.769
2015-12-01,4.056
2016-01-01,3.418
2016-02-01,1.736
2016-03-01,3.0420000000000003
2016-04-01,4.335
2016-05-01,4.913
2016-06-01,1.025
2016-07-01,2.249
2016-08-01,3.845
2016-09-01,4.518
2016-10-01,2.414
2016-11-01,2.984
2016-12-01,5.031000000000001
2017-01-01,6.784000000000001
2017-02-01,3.923
2017-03-01,2.831
2017-04-01,3.06
2017-05-01,2.867
2017-06-01,0.528
2017-07-01,4.282
2017-08-01,2.6710000000000003
2017-09-01,4.026
2017-10-01,1.494
2017-11-01,1.61
2017-12-01,1.186
2018-01-01,2.121
2018-02-01,2.879
2018-03-01,2.601
2018-04-01,2.516
2018-05-01,2.298
2018-06-01,1.068
2018-07-01,2.368
2018-08-01,2.636
2018-09-01,0.8480000000000001
2018-10-01,6.572
2018-11-01,2.271
2018-12-01,2.4170000000000003
2019-01-01,3.861
2019-02-01,5.622999999999999
2019-03-01,6.58
2019-04-01,3.863
2019-05-01,6.424
2019-06-01,2.111
2019-07-01,1.4529999999999998
2019-08-01,1.435
2019-09-01,2.188
2019-10-01,1.5630000000000002
2019-11-01,3.354
2019-12-01,3.82
