site_id,site_name,site_type,agency,state,latitude,longitude,first_date_data_available,last_date_data_available,record_count,site_query_url,date_metadata_last_updated,tz_cd,doi,huc8,conus1_x,conus1_y,conus2_x,conus2_y,usda_elevation,huc4
335:CO:SNTL,Berthoud Summit,SNOTEL station,NRCS,CO,39.80364,-105.77786,1978-10-01,2026-07-11,17451,https://wcc.sc.egov.usda.gov/awdbWebService/webservice/testwebservice.jsf?webserviceName=/awdbWebService,2023-03-07,PST,,14010001,1053,738,1481,1687,11314.0,1401
415:CO:SNTL,Copper Mountain,SNOTEL station,NRCS,CO,39.48917,-106.17154,1978-10-01,2026-07-11,17451,https://wcc.sc.egov.usda.gov/awdbWebService/webservice/testwebservice.jsf?webserviceName=/awdbWebService,2023-03-07,PST,,14010002,1016,707,1445,1657,10523.0,1401
485:CO:SNTL,Fremont Pass,SNOTEL station,NRCS,CO,39.38014,-106.19784,1980-07-28,2026-07-11,16785,https://wcc.sc.egov.usda.gov/awdbWebService/webservice/testwebservice.jsf?webserviceName=/awdbWebService,2023-03-07,PST,,14010002,1013,695,1441,1646,11326.0,1401
505:CO:SNTL,Grizzly Peak,SNOTEL station,NRCS,CO,39.64646,-105.8694,1980-08-11,2026-07-11,16771,https://wcc.sc.egov.usda.gov/awdbWebService/webservice/testwebservice.jsf?webserviceName=/awdbWebService,2023-03-07,PST,,14010002,1044,722,1472,1671,11139.0,1401
531:CO:SNTL,Hoosier Pass,SNOTEL station,NRCS,CO,39.36092,-106.05999,1980-07-31,2026-07-11,16782,https://wcc.sc.egov.usda.gov/awdbWebService/webservice/testwebservice.jsf?webserviceName=/awdbWebService,2023-03-07,PST,,14010002,1024,692,1453,1642,11611.0,1401
542:CO:SNTL,Independence Pass,SNOTEL station,NRCS,CO,39.07543,-106.61154,1980-10-01,2026-07-11,16720,https://wcc.sc.egov.usda.gov/awdbWebService/webservice/testwebservice.jsf?webserviceName=/awdbWebService,2023-03-07,PST,,14010004,973,666,1403,1617,10598.0,1401
556:CO:SNTL,Kiln,SNOTEL station,NRCS,CO,39.3172,-106.61501,1980-07-29,2026-07-11,16784,https://wcc.sc.egov.usda.gov/awdbWebService/webservice/testwebservice.jsf?webserviceName=/awdbWebService,2023-03-07,PST,,14010004,976,693,1406,1643,9624.0,1401
565:CO:SNTL,Lake Irene,SNOTEL station,NRCS,CO,40.41446,-105.81941,1979-10-01,2026-07-10,17085,https://wcc.sc.egov.usda.gov/awdbWebService/webservice/testwebservice.jsf?webserviceName=/awdbWebService,2023-03-07,PST,,14010001,1057,805,1485,1753,10682.0,1401
607:CO:SNTL,Lynx Pass,SNOTEL station,NRCS,CO,40.07832,-106.67095,1980-10-01,2026-07-11,16720,https://wcc.sc.egov.usda.gov/awdbWebService/webservice/testwebservice.jsf?webserviceName=/awdbWebService,2023-03-07,PST,,14010001,981,777,1411,1725,8919.0,1401
688:CO:SNTL,Phantom Valley,SNOTEL station,NRCS,CO,40.39803,-105.84606,1980-10-01,2026-07-11,16720,https://wcc.sc.egov.usda.gov/awdbWebService/webservice/testwebservice.jsf?webserviceName=/awdbWebService,2023-03-07,PST,,14010001,1055,804,1483,1751,9045.0,1401
802:CO:SNTL,Summit Ranch,SNOTEL station,NRCS,CO,39.71803,-106.1577,1980-06-14,2026-07-11,16829,https://wcc.sc.egov.usda.gov/awdbWebService/webservice/testwebservice.jsf?webserviceName=/awdbWebService,2023-03-07,PST,,14010002,1020,732,1449,1682,9371.0,1401
842:CO:SNTL,Vail Mountain,SNOTEL station,NRCS,CO,39.61765,-106.38019,1978-10-01,2026-07-11,17447,https://wcc.sc.egov.usda.gov/awdbWebService/webservice/testwebservice.jsf?webserviceName=/awdbWebService,2023-03-07,PST,,14010003,1000,723,1429,1673,10310.0,1401
869:CO:SNTL,Willow Creek Pass,SNOTEL station,NRCS,CO,40.34734,-106.0952,1978-10-01,2026-07-11,17451,https://wcc.sc.egov.usda.gov/awdbWebService/webservice/testwebservice.jsf?webserviceName=/awdbWebService,2023-03-07,PST,,14010001,1033,801,1462,1748,9523.0,1401
538:CO:SNTL,Idarado,SNOTEL station,NRCS,CO,37.93389,-107.6762,1980-07-23,2026-07-11,16790,https://wcc.sc.egov.usda.gov/awdbWebService/webservice/testwebservice.jsf?webserviceName=/awdbWebService,2023-03-07,PST,,14020006,866,552,1298,1506,9812.0,1402
618:CO:SNTL,Mc Clure Pass,SNOTEL station,NRCS,CO,39.12899,-107.28834,1980-07-21,2026-07-11,16792,https://wcc.sc.egov.usda.gov/awdbWebService/webservice/testwebservice.jsf?webserviceName=/awdbWebService,2023-03-07,PST,,14020004,916,679,1348,1630,8774.0,1402
680:CO:SNTL,Park Cone,SNOTEL station,NRCS,CO,38.81982,-106.58962,1980-08-04,2026-07-11,16778,https://wcc.sc.egov.usda.gov/awdbWebService/webservice/testwebservice.jsf?webserviceName=/awdbWebService,2023-03-07,PST,,14020001,972,638,1402,1589,9621.0,1402
682:CO:SNTL,Park Reservoir,SNOTEL station,NRCS,CO,39.04433,-107.87951,1978-10-01,2026-07-11,17451,https://wcc.sc.egov.usda.gov/awdbWebService/webservice/testwebservice.jsf?webserviceName=/awdbWebService,2023-03-07,PST,,14020005,865,676,1297,1627,9987.0,1402
701:CO:SNTL,Porphyry Creek,SNOTEL station,NRCS,CO,38.48864,-106.33967,1978-10-01,2026-07-11,17451,https://wcc.sc.egov.usda.gov/awdbWebService/webservice/testwebservice.jsf?webserviceName=/awdbWebService,2023-03-07,PST,,14020003,989,599,1418,1551,10788.0,1402
762:CO:SNTL,Slumgullion,SNOTEL station,NRCS,CO,37.99076,-107.20392,1980-08-13,2026-07-11,16769,https://wcc.sc.egov.usda.gov/awdbWebService/webservice/testwebservice.jsf?webserviceName=/awdbWebService,2023-03-07,PST,,14020002,908,553,1339,1507,11560.0,1402
586:CO:SNTL,Lizard Head Pass,SNOTEL station,NRCS,CO,37.79895,-107.92475,1980-07-25,2026-07-11,16788,https://wcc.sc.egov.usda.gov/awdbWebService/webservice/testwebservice.jsf?webserviceName=/awdbWebService,2023-03-07,PST,,14030002,843,540,1275,1494,10193.0,1403
589:CO:SNTL,Lone Cone,SNOTEL station,NRCS,CO,37.89169,-108.19636,1980-07-20,2026-07-11,16793,https://wcc.sc.egov.usda.gov/awdbWebService/webservice/testwebservice.jsf?webserviceName=/awdbWebService,2023-03-07,PST,,14030003,821,554,1254,1507,9755.0,1403
342:WY:SNTL,Big Sandy Opening,SNOTEL station,NRCS,WY,42.6458,-109.25965,1980-10-01,2026-07-11,16720,https://wcc.sc.egov.usda.gov/awdbWebService/webservice/testwebservice.jsf?webserviceName=/awdbWebService,2023-03-07,PST,,14040104,805,1086,1242,2027,9080.0,1404
353:WY:SNTL,Blind Bull Sum,SNOTEL station,NRCS,WY,42.964,-110.60973,1980-10-01,2026-07-11,16720,https://wcc.sc.egov.usda.gov/awdbWebService/webservice/testwebservice.jsf?webserviceName=/awdbWebService,2023-03-07,PST,,14040101,701,1138,1142,2078,8650.0,1404
468:WY:SNTL,Elkhart Park G.S.,SNOTEL station,NRCS,WY,43.00657,-109.75893,1980-10-01,2026-07-11,16720,https://wcc.sc.egov.usda.gov/awdbWebService/webservice/testwebservice.jsf?webserviceName=/awdbWebService,2023-03-07,PST,,14040102,770,1132,1209,2072,9400.0,1404
544:WY:SNTL,Indian Creek,SNOTEL station,NRCS,WY,42.30023,-110.67753,1980-10-01,2026-07-11,16720,https://wcc.sc.egov.usda.gov/awdbWebService/webservice/testwebservice.jsf?webserviceName=/awdbWebService,2023-03-07,PST,,14040107,684,1066,1125,2009,9425.0,1404
554:WY:SNTL,Kelley R.S.,SNOTEL station,NRCS,WY,42.26554,-110.80177,1980-10-01,2026-07-10,16719,https://wcc.sc.egov.usda.gov/awdbWebService/webservice/testwebservice.jsf?webserviceName=/awdbWebService,2023-03-07,PST,,14040107,673,1064,1114,2007,8180.0,1404
597:WY:SNTL,Loomis Park,SNOTEL station,NRCS,WY,43.17387,-110.14007,1980-10-01,2026-07-11,16720,https://wcc.sc.egov.usda.gov/awdbWebService/webservice/testwebservice.jsf?webserviceName=/awdbWebService,2023-03-07,PST,,14040101,743,1155,1182,2094,8240.0,1404
765:WY:SNTL,Snider Basin,SNOTEL station,NRCS,WY,42.4949,-110.53203,1980-10-01,2026-07-11,16720,https://wcc.sc.egov.usda.gov/awdbWebService/webservice/testwebservice.jsf?webserviceName=/awdbWebService,2023-03-07,PST,,14040101,699,1086,1140,2028,8060.0,1404
779:WY:SNTL,Spring Creek Divide,SNOTEL station,NRCS,WY,42.52516,-110.66148,1980-10-01,2026-07-11,16720,https://wcc.sc.egov.usda.gov/awdbWebService/webservice/testwebservice.jsf?webserviceName=/awdbWebService,2023-03-07,PST,,14040101,689,1091,1130,2033,9000.0,1404
790:UT:SNTL,Steel Creek Park,SNOTEL station,NRCS,UT,40.90862,-110.50462,1978-10-01,2026-07-11,17451,https://wcc.sc.egov.usda.gov/awdbWebService/webservice/testwebservice.jsf?webserviceName=/awdbWebService,2023-03-07,PST,,14040107,674,912,1113,1859,10158.0,1404
378:CO:SNTL,Burro Mountain,SNOTEL station,NRCS,CO,39.87504,-107.59902,1978-11-01,2026-07-11,17420,https://wcc.sc.egov.usda.gov/awdbWebService/webservice/testwebservice.jsf?webserviceName=/awdbWebService,2023-03-07,PST,,14050005,900,764,1332,1713,9317.0,1405
449:WY:SNTL,Divide Peak,SNOTEL station,NRCS,WY,41.30399,-107.15255,1980-10-01,2026-07-11,16720,https://wcc.sc.egov.usda.gov/awdbWebService/webservice/testwebservice.jsf?webserviceName=/awdbWebService,2023-03-07,PST,,14050003,957,916,1389,1861,8730.0,1405
457:CO:SNTL,Dry Lake,SNOTEL station,NRCS,CO,40.5337,-106.7814,1980-10-01,2026-07-11,16720,https://wcc.sc.egov.usda.gov/awdbWebService/webservice/testwebservice.jsf?webserviceName=/awdbWebService,2023-03-07,PST,,14050001,978,828,1408,1775,8271.0,1405
467:CO:SNTL,Elk River,SNOTEL station,NRCS,CO,40.84758,-106.96861,1978-10-01,2026-07-11,17451,https://wcc.sc.egov.usda.gov/awdbWebService/webservice/testwebservice.jsf?webserviceName=/awdbWebService,2023-03-07,PST,,14050001,966,864,1397,1810,8739.0,1405
825:CO:SNTL,Tower,SNOTEL station,NRCS,CO,40.5374,-106.67655,1979-10-01,2026-07-11,17086,https://wcc.sc.egov.usda.gov/awdbWebService/webservice/testwebservice.jsf?webserviceName=/awdbWebService,2023-03-07,PST,,14050001,987,827,1417,1774,10620.0,1405
368:UT:SNTL,Brown Duck,SNOTEL station,NRCS,UT,40.58102,-110.58587,1978-10-01,2026-07-11,17451,https://wcc.sc.egov.usda.gov/awdbWebService/webservice/testwebservice.jsf?webserviceName=/awdbWebService,2023-03-07,PST,,14060003,661,877,1101,1825,10574.0,1406
371:UT:SNTL,Buck Flat,SNOTEL station,NRCS,UT,39.134,-111.43722,1978-10-01,2026-07-11,17451,https://wcc.sc.egov.usda.gov/awdbWebService/webservice/testwebservice.jsf?webserviceName=/awdbWebService,2023-03-07,PST,,14060009,563,732,1004,1684,9409.0,1406
432:UT:SNTL,Currant Creek,SNOTEL station,NRCS,UT,40.35747,-111.08993,1978-10-01,2026-07-11,17451,https://wcc.sc.egov.usda.gov/awdbWebService/webservice/testwebservice.jsf?webserviceName=/awdbWebService,2023-03-07,PST,,14060004,615,860,1056,1809,7915.0,1406
435:UT:SNTL,Daniels-Strawberry,SNOTEL station,NRCS,UT,40.2953,-111.25677,1978-10-01,2026-07-11,17451,https://wcc.sc.egov.usda.gov/awdbWebService/webservice/testwebservice.jsf?webserviceName=/awdbWebService,2023-03-07,PST,,14060004,600,856,1041,1804,8008.0,1406
481:UT:SNTL,Five Points Lake,SNOTEL station,NRCS,UT,40.71785,-110.46721,1980-11-27,2026-07-11,16663,https://wcc.sc.egov.usda.gov/awdbWebService/webservice/testwebservice.jsf?webserviceName=/awdbWebService,2023-03-07,PST,,14060003,673,891,1113,1838,10943.0,1406
543:UT:SNTL,Wilbur Bench,SNOTEL station,NRCS,UT,39.89166,-110.74604,1979-10-01,2026-07-11,17086,https://wcc.sc.egov.usda.gov/awdbWebService/webservice/testwebservice.jsf?webserviceName=/awdbWebService,2023-03-07,PST,,14060004,636,804,1075,1754,9171.0,1406
559:UT:SNTL,Kings Cabin,SNOTEL station,NRCS,UT,40.71632,-109.54401,1978-10-01,2026-07-09,17449,https://wcc.sc.egov.usda.gov/awdbWebService/webservice/testwebservice.jsf?webserviceName=/awdbWebService,2023-03-07,PST,,14060010,750,879,1187,1826,8728.0,1406
566:UT:SNTL,Lakefork #1,SNOTEL station,NRCS,UT,40.59709,-110.43316,1978-10-01,2026-07-11,17451,https://wcc.sc.egov.usda.gov/awdbWebService/webservice/testwebservice.jsf?webserviceName=/awdbWebService,2023-03-07,PST,,14060003,674,877,1113,1825,10128.0,1406
643:UT:SNTL,Mosby Mtn.,SNOTEL station,NRCS,UT,40.60798,-109.8881,1978-10-01,2026-07-11,17451,https://wcc.sc.egov.usda.gov/awdbWebService/webservice/testwebservice.jsf?webserviceName=/awdbWebService,2023-03-07,PST,,14060010,720,871,1158,1819,9553.0,1406
714:UT:SNTL,Red Pine Ridge,SNOTEL station,NRCS,UT,39.45197,-111.27221,1978-10-11,2026-07-11,17441,https://wcc.sc.egov.usda.gov/awdbWebService/webservice/testwebservice.jsf?webserviceName=/awdbWebService,2023-03-07,PST,,14060009,583,764,1024,1715,8988.0,1406
720:UT:SNTL,Rock Creek,SNOTEL station,NRCS,UT,40.54875,-110.69292,1980-10-01,2026-07-11,16720,https://wcc.sc.egov.usda.gov/awdbWebService/webservice/testwebservice.jsf?webserviceName=/awdbWebService,2023-03-07,PST,,14060003,652,875,1092,1823,7886.0,1406
795:UT:SNTL,Strawberry Divide,SNOTEL station,NRCS,UT,40.16483,-111.20665,1978-10-01,2026-07-11,17451,https://wcc.sc.egov.usda.gov/awdbWebService/webservice/testwebservice.jsf?webserviceName=/awdbWebService,2023-03-07,PST,,14060004,602,841,1043,1790,8123.0,1406
833:UT:SNTL,Trout Creek,SNOTEL station,NRCS,UT,40.739,-109.6728,1978-10-01,2026-07-11,17451,https://wcc.sc.egov.usda.gov/awdbWebService/webservice/testwebservice.jsf?webserviceName=/awdbWebService,2023-03-07,PST,,14060010,740,883,1177,1830,9518.0,1406
864:UT:SNTL,White River #1,SNOTEL station,NRCS,UT,39.9645,-110.98845,1978-10-01,2026-07-11,17451,https://wcc.sc.egov.usda.gov/awdbWebService/webservice/testwebservice.jsf?webserviceName=/awdbWebService,2023-03-07,PST,,14060007,617,816,1057,1765,8641.0,1406
444:UT:SNTL,Dills Camp,SNOTEL station,NRCS,UT,39.04554,-111.46875,1978-10-01,2026-07-11,17451,https://wcc.sc.egov.usda.gov/awdbWebService/webservice/testwebservice.jsf?webserviceName=/awdbWebService,2023-03-07,PST,,14070002,559,723,1000,1675,9228.0,1407
386:CO:SNTL,Cascade,SNOTEL station,NRCS,CO,37.65083,-107.80602,1978-10-01,2022-09-27,16068,https://wcc.sc.egov.usda.gov/awdbWebService/webservice/testwebservice.jsf?webserviceName=/awdbWebService,2023-03-07,PST,,14080104,851,523,1283,1477,8880.0,1408
629:CO:SNTL,Mineral Creek,SNOTEL station,NRCS,CO,37.84737,-107.72657,1978-10-01,2026-07-11,17451,https://wcc.sc.egov.usda.gov/awdbWebService/webservice/testwebservice.jsf?webserviceName=/awdbWebService,2023-03-07,PST,,14080104,861,543,1293,1497,10046.0,1408
713:CO:SNTL,Red Mountain Pass,SNOTEL station,NRCS,CO,37.89168,-107.71389,1980-10-01,2026-07-11,16720,https://wcc.sc.egov.usda.gov/awdbWebService/webservice/testwebservice.jsf?webserviceName=/awdbWebService,2023-03-07,PST,,14080104,862,548,1294,1502,11080.0,1408
840:CO:SNTL,Upper San Juan,SNOTEL station,NRCS,CO,37.48563,-106.83528,1978-10-01,2026-07-11,17451,https://wcc.sc.egov.usda.gov/awdbWebService/webservice/testwebservice.jsf?webserviceName=/awdbWebService,2023-03-07,PST,,14080101,933,494,1363,1449,10140.0,1408
