water_year,335:CO:SNTL,342:WY:SNTL,353:WY:SNTL,368:UT:SNTL,371:UT:SNTL,378:CO:SNTL,386:CO:SNTL,415:CO:SNTL,432:UT:SNTL,435:UT:SNTL,444:UT:SNTL,449:WY:SNTL,457:CO:SNTL,467:CO:SNTL,468:WY:SNTL,481:UT:SNTL,485:CO:SNTL,505:CO:SNTL,531:CO:SNTL,538:CO:SNTL,542:CO:SNTL,543:UT:SNTL,544:WY:SNTL,554:WY:SNTL,556:CO:SNTL,559:UT:SNTL,565:CO:SNTL,566:UT:SNTL,586:CO:SNTL,589:CO:SNTL,597:WY:SNTL,607:CO:SNTL,618:CO:SNTL,629:CO:SNTL,643:UT:SNTL,680:CO:SNTL,682:CO:SNTL,688:CO:SNTL,701:CO:SNTL,713:CO:SNTL,714:UT:SNTL,720:UT:SNTL,762:CO:SNTL,765:WY:SNTL,779:WY:SNTL,790:UT:SNTL,795:UT:SNTL,802:CO:SNTL,825:CO:SNTL,833:UT:SNTL,840:CO:SNTL,842:CO:SNTL,864:UT:SNTL,869:CO:SNTL
1981,350.52,241.29999999999998,365.76,424.17999999999995,297.17999999999995,353.06,114.3,236.22,68.58,281.94,238.76,294.64,416.55999999999995,325.12,226.06,474.97999999999996,365.76,248.92000000000002,218.43999999999997,284.47999999999996,320.03999999999996,238.76,426.71999999999997,228.6,236.22,226.06,378.46,259.08,297.17999999999995,335.28,347.97999999999996,172.72,363.21999999999997,231.14,284.47999999999996,167.64,454.6599999999999,167.64,259.08,454.6599999999999,304.79999999999995,187.96,220.97999999999996,144.78,360.67999999999995,434.34000000000003,375.92,213.35999999999999,817.88,228.6,452.12,398.78,228.6,195.57999999999998
1982,599.44,533.4,1173.48,792.4799999999999,764.54,617.22,434.34000000000003,452.12,363.21999999999997,541.02,566.42,464.82,782.3199999999999,690.88,553.72,762.0,574.04,558.8,535.94,452.12,528.3199999999999,434.34000000000003,960.1199999999999,675.64,419.09999999999997,368.29999999999995,924.56,452.12,528.3199999999999,586.74,599.44,208.27999999999997,523.24,408.94,391.15999999999997,360.67999999999995,1041.3999999999999,259.08,548.64,840.74,637.54,231.14,441.9599999999999,266.7,1000.7599999999999,629.92,711.1999999999999,223.52,1521.4599999999998,381.0,840.74,802.64,497.84000000000003,320.03999999999996
1983,828.04,533.4,749.3,815.34,812.8,693.42,469.9,495.29999999999995,502.92,703.5799999999999,655.3199999999999,787.4,746.7599999999999,523.24,452.12,528.3199999999999,629.92,673.0999999999999,368.29999999999995,541.02,485.14,535.94,1023.6199999999999,523.24,353.06,520.6999999999999,1000.7599999999999,604.52,624.84,528.3199999999999,365.76,370.84,612.14,533.4,769.62,254.0,1275.08,347.97999999999996,591.8199999999999,939.8,810.2599999999999,353.06,363.21999999999997,396.23999999999995,861.06,751.84,668.02,391.15999999999997,1623.06,586.74,1148.08,947.4199999999998,495.29999999999995,426.71999999999997
1984,848.3599999999999,294.64,713.74,561.34,830.58,767.0799999999999,363.21999999999997,523.24,452.12,629.92,716.28,960.1199999999999,944.88,680.72,378.46,523.24,739.14,734.06,586.74,652.78,678.18,314.96,812.8,571.5,508.0,408.94,995.6800000000001,360.67999999999995,591.8199999999999,444.5,426.71999999999997,421.64,708.66,604.52,408.94,347.97999999999996,1003.3,388.62,695.9599999999999,1130.3,858.5199999999999,246.37999999999997,548.64,312.42,706.12,629.92,815.34,541.02,1569.7199999999998,332.73999999999995,1005.84,993.14,528.3199999999999,426.71999999999997
1985,528.3199999999999,314.96,548.64,541.02,523.24,546.1,454.6599999999999,401.32,444.5,528.3199999999999,408.94,596.9,642.62,535.94,266.7,447.04,464.82,452.12,368.29999999999995,401.32,452.12,314.96,629.92,363.21999999999997,337.82,330.2,744.22,314.96,548.64,596.9,340.36,355.59999999999997,609.5999999999999,477.52,289.56,322.58,965.1999999999999,215.89999999999998,439.42,901.6999999999999,535.94,309.87999999999994,426.71999999999997,269.23999999999995,515.62,408.94,515.62,325.12,1391.9199999999998,314.96,1285.24,706.12,383.53999999999996,340.36
1986,629.92,612.14,1196.34,812.8,617.22,688.34,421.64,396.23999999999995,490.21999999999997,731.52,459.74,736.5999999999999,660.4,599.44,604.52,655.3199999999999,520.6999999999999,586.74,469.9,325.12,495.29999999999995,604.52,1125.2199999999998,782.3199999999999,330.2,360.67999999999995,1049.02,591.8199999999999,502.92,528.3199999999999,746.7599999999999,403.86,469.9,414.02,528.3199999999999,370.84,998.2199999999999,350.52,414.02,693.42,553.72,421.64,447.04,561.34,1264.9199999999998,726.4399999999999,665.4799999999999,317.5,1788.16,434.34000000000003,1059.18,647.6999999999999,502.92,594.3599999999999
1987,444.5,299.72,447.04,469.9,330.2,426.71999999999997,482.59999999999997,289.56,127.0,220.97999999999996,264.15999999999997,406.4,360.67999999999995,337.82,266.7,401.32,469.9,337.82,477.52,452.12,452.12,220.97999999999996,497.84000000000003,236.22,264.15999999999997,228.6,490.21999999999997,353.06,485.14,558.8,330.2,231.14,378.46,472.44,215.89999999999998,271.78,876.3,170.18,439.42,866.14,289.56,177.79999999999998,508.0,231.14,439.42,452.12,299.72,220.97999999999996,965.1999999999999,269.23999999999995,990.5999999999999,452.12,254.0,223.52
1988,574.04,213.35999999999999,553.72,365.76,363.21999999999997,523.24,185.42,347.97999999999996,198.11999999999998,386.08,246.37999999999997,502.92,655.3199999999999,528.3199999999999,180.33999999999997,261.62,472.44,426.71999999999997,378.46,236.22,350.52,236.22,520.6999999999999,325.12,259.08,144.78,789.9399999999999,208.27999999999997,271.78,355.59999999999997,332.73999999999995,368.29999999999995,365.76,289.56,190.5,175.26,723.9,309.87999999999994,383.53999999999996,579.12,444.5,208.27999999999997,284.47999999999996,327.65999999999997,553.72,469.9,393.7,307.34,1412.24,187.96,591.8199999999999,558.8,330.2,375.92
1989,546.1,335.28,731.52,414.02,424.17999999999995,472.44,444.5,360.67999999999995,322.58,424.17999999999995,302.26,541.02,561.34,502.92,314.96,441.9599999999999,490.21999999999997,365.76,408.94,396.23999999999995,421.64,246.37999999999997,792.4799999999999,459.74,302.26,269.23999999999995,703.5799999999999,281.94,378.46,508.0,508.0,345.44,452.12,434.34000000000003,238.76,289.56,756.92,215.89999999999998,332.73999999999995,624.84,436.87999999999994,195.57999999999998,309.87999999999994,403.86,835.66,436.87999999999994,477.52,340.36,1336.04,274.32,1036.32,541.02,284.47999999999996,383.53999999999996
1990,403.86,312.42,469.9,495.29999999999995,284.47999999999996,284.47999999999996,127.0,335.28,236.22,350.52,218.43999999999997,477.52,607.06,566.42,248.92000000000002,495.29999999999995,495.29999999999995,424.17999999999995,363.21999999999997,228.6,358.14,274.32,495.29999999999995,314.96,236.22,248.92000000000002,652.78,342.9,284.47999999999996,187.96,368.29999999999995,279.4,266.7,218.43999999999997,304.79999999999995,177.79999999999998,586.74,218.43999999999997,342.9,533.4,368.29999999999995,200.66,355.59999999999997,309.87999999999994,568.9599999999999,386.08,383.53999999999996,248.92000000000002,1257.3,332.73999999999995,604.52,505.4599999999999,327.65999999999997,322.58
1991,604.52,411.47999999999996,581.66,414.02,368.29999999999995,576.5799999999999,396.23999999999995,320.03999999999996,170.18,314.96,261.62,487.67999999999995,563.88,457.2,340.36,419.09999999999997,538.4799999999999,330.2,327.65999999999997,350.52,441.9599999999999,215.89999999999998,622.3,322.58,284.47999999999996,236.22,530.8599999999999,325.12,469.9,508.0,360.67999999999995,312.42,416.55999999999995,363.21999999999997,462.28,269.23999999999995,731.52,241.29999999999998,320.03999999999996,652.78,462.28,208.27999999999997,378.46,281.94,589.28,434.34000000000003,403.86,322.58,1320.8,302.26,828.04,695.9599999999999,254.0,416.55999999999995
1992,591.8199999999999,205.73999999999998,396.23999999999995,304.79999999999995,388.62,508.0,276.86,347.97999999999996,167.64,200.66,287.02,452.12,398.78,345.44,254.0,271.78,439.42,330.2,383.53999999999996,426.71999999999997,360.67999999999995,236.22,497.84000000000003,281.94,274.32,276.86,612.14,200.66,441.9599999999999,472.44,226.06,287.02,406.4,375.92,215.89999999999998,213.35999999999999,619.7599999999999,251.46,383.53999999999996,673.0999999999999,261.62,137.16,287.02,208.27999999999997,401.32,386.08,246.37999999999997,236.22,1122.68,208.27999999999997,858.5199999999999,586.74,251.46,292.09999999999997
1993,782.3199999999999,434.34000000000003,754.38,629.92,693.42,706.12,642.62,500.37999999999994,416.55999999999995,505.4599999999999,614.68,665.4799999999999,762.0,596.9,439.42,627.38,614.68,617.22,497.84000000000003,452.12,629.92,436.87999999999994,886.4599999999999,508.0,464.82,396.23999999999995,914.4,558.8,675.64,673.0999999999999,449.58,406.4,784.8599999999999,617.22,558.8,436.87999999999994,1257.3,365.76,571.5,927.0999999999999,568.9599999999999,345.44,353.06,426.71999999999997,952.5,599.44,574.04,447.04,1727.1999999999998,363.21999999999997,1211.58,863.5999999999999,543.56,571.5
1994,513.0799999999999,360.67999999999995,515.62,393.7,347.97999999999996,411.47999999999996,327.65999999999997,416.55999999999995,228.6,322.58,203.2,574.04,431.79999999999995,424.17999999999995,281.94,350.52,424.17999999999995,467.35999999999996,439.42,327.65999999999997,472.44,208.27999999999997,538.4799999999999,302.26,393.7,238.76,668.02,279.4,317.5,396.23999999999995,304.79999999999995,297.17999999999995,365.76,347.97999999999996,261.62,264.15999999999997,693.42,259.08,406.4,586.74,363.21999999999997,165.1,325.12,259.08,474.97999999999996,347.97999999999996,276.86,289.56,1216.6599999999999,264.15999999999997,762.0,508.0,248.92000000000002,335.28
1995,586.74,525.78,746.7599999999999,866.14,614.68,657.8599999999999,337.82,546.1,312.42,383.53999999999996,495.29999999999995,807.72,599.44,574.04,457.2,899.16,708.66,609.5999999999999,683.2599999999999,467.35999999999996,703.5799999999999,358.14,825.5,406.4,403.86,373.37999999999994,853.4399999999999,655.3199999999999,574.04,624.84,345.44,307.34,683.2599999999999,642.62,665.4799999999999,449.58,1163.32,223.52,609.5999999999999,934.7199999999999,515.62,200.66,513.0799999999999,294.64,784.8599999999999,688.34,431.79999999999995,388.62,1770.3799999999999,368.29999999999995,1191.26,795.02,340.36,520.6999999999999
1996,774.6999999999999,414.02,1049.02,581.66,662.94,624.84,391.15999999999997,594.3599999999999,340.36,607.06,419.09999999999997,596.9,751.84,586.74,398.78,558.8,688.34,749.3,591.8199999999999,424.17999999999995,561.34,304.79999999999995,916.9399999999999,515.62,434.34000000000003,215.89999999999998,952.5,391.15999999999997,381.0,350.52,614.68,429.25999999999993,396.23999999999995,411.47999999999996,238.76,375.92,675.64,391.15999999999997,548.64,701.04,510.54,287.02,398.78,619.7599999999999,1028.7,581.66,568.9599999999999,464.82,1534.1599999999999,205.73999999999998,513.0799999999999,889.0,464.82,424.17999999999995
1997,797.56,502.92,1132.84,698.5,800.0999999999999,767.0799999999999,543.56,589.28,381.0,711.1999999999999,561.34,749.3,701.04,767.0799999999999,485.14,688.34,652.78,607.06,703.5799999999999,594.3599999999999,599.44,474.97999999999996,1122.68,640.0799999999999,398.78,416.55999999999995,924.56,500.37999999999994,589.28,739.14,695.9599999999999,335.28,650.24,535.94,543.56,396.23999999999995,1036.32,332.73999999999995,601.9799999999999,886.4599999999999,568.9599999999999,452.12,576.5799999999999,607.06,1049.02,533.4,774.6999999999999,401.32,1584.9599999999998,421.64,1165.86,853.4399999999999,607.06,629.92
1998,604.52,365.76,657.8599999999999,609.5999999999999,584.1999999999999,688.34,292.09999999999997,396.23999999999995,213.35999999999999,467.35999999999996,419.09999999999997,548.64,530.8599999999999,477.52,363.21999999999997,586.74,426.71999999999997,477.52,436.87999999999994,363.21999999999997,447.04,368.29999999999995,662.94,414.02,337.82,388.62,617.22,508.0,388.62,467.35999999999996,457.2,309.87999999999994,647.6999999999999,396.23999999999995,485.14,259.08,919.48,251.46,480.05999999999995,642.62,411.47999999999996,264.15999999999997,408.94,345.44,599.44,568.9599999999999,525.78,289.56,1371.6,378.46,835.66,525.78,375.92,241.29999999999998
1999,586.74,439.42,853.4399999999999,741.68,424.17999999999995,454.6599999999999,259.08,492.75999999999993,172.72,345.44,271.78,584.1999999999999,464.82,454.6599999999999,408.94,607.06,548.64,495.29999999999995,594.3599999999999,337.82,523.24,193.04,985.5199999999999,457.2,287.02,292.09999999999997,645.16,431.79999999999995,325.12,350.52,495.29999999999995,243.83999999999997,327.65999999999997,353.06,500.37999999999994,254.0,810.2599999999999,220.97999999999996,373.37999999999994,772.16,307.34,198.11999999999998,563.88,523.24,972.8199999999998,596.9,373.37999999999994,276.86,1473.1999999999998,330.2,1003.3,449.58,210.82,406.4
2000,490.21999999999997,314.96,640.0799999999999,396.23999999999995,449.58,416.55999999999995,314.96,444.5,165.1,459.74,284.47999999999996,424.17999999999995,612.14,500.37999999999994,309.87999999999994,439.42,477.52,431.79999999999995,401.32,370.84,373.37999999999994,322.58,581.66,365.76,353.06,292.09999999999997,647.6999999999999,304.79999999999995,431.79999999999995,391.15999999999997,449.58,284.47999999999996,429.25999999999993,414.02,304.79999999999995,231.14,561.34,309.87999999999994,441.9599999999999,584.1999999999999,411.47999999999996,241.29999999999998,353.06,314.96,584.1999999999999,393.7,436.87999999999994,289.56,1193.8,309.87999999999994,459.74,576.5799999999999,289.56,464.82
2001,566.42,320.03999999999996,459.74,604.52,360.67999999999995,373.37999999999994,411.47999999999996,365.76,154.93999999999997,266.7,284.47999999999996,472.44,487.67999999999995,447.04,340.36,543.56,495.29999999999995,419.09999999999997,424.17999999999995,287.02,383.53999999999996,345.44,510.54,314.96,276.86,299.72,599.44,424.17999999999995,368.29999999999995,378.46,320.03999999999996,276.86,375.92,398.78,464.82,152.39999999999998,596.9,238.76,370.84,624.84,266.7,210.82,447.04,256.53999999999996,513.0799999999999,396.23999999999995,302.26,259.08,1010.9199999999998,335.28,975.3599999999999,502.92,289.56,378.46
2002,281.94,330.2,612.14,309.87999999999994,353.06,307.34,144.78,322.58,104.13999999999999,302.26,246.37999999999997,363.21999999999997,477.52,386.08,297.17999999999995,251.46,309.87999999999994,248.92000000000002,238.76,236.22,327.65999999999997,149.86,568.9599999999999,322.58,218.43999999999997,182.88,431.79999999999995,198.11999999999998,187.96,281.94,368.29999999999995,231.14,304.79999999999995,228.6,205.73999999999998,157.48,406.4,220.97999999999996,215.89999999999998,378.46,309.87999999999994,142.23999999999998,205.73999999999998,248.92000000000002,635.0,340.36,375.92,200.66,777.24,182.88,284.47999999999996,370.84,200.66,213.35999999999999
2003,660.4,312.42,599.44,462.28,393.7,386.08,243.83999999999997,523.24,124.46000000000001,292.09999999999997,299.72,581.66,568.9599999999999,485.14,345.44,347.97999999999996,574.04,594.3599999999999,424.17999999999995,335.28,444.5,269.23999999999995,619.7599999999999,353.06,289.56,304.79999999999995,767.0799999999999,274.32,337.82,386.08,439.42,281.94,426.71999999999997,307.34,271.78,248.92000000000002,645.16,307.34,436.87999999999994,495.29999999999995,375.92,182.88,302.26,350.52,673.0999999999999,469.9,289.56,391.15999999999997,1381.76,243.83999999999997,670.56,711.1999999999999,256.53999999999996,581.66
2004,378.46,335.28,523.24,513.0799999999999,403.86,335.28,396.23999999999995,261.62,297.17999999999995,429.25999999999993,406.4,439.42,482.59999999999997,431.79999999999995,281.94,416.55999999999995,414.02,322.58,332.73999999999995,330.2,360.67999999999995,294.64,551.18,335.28,213.35999999999999,314.96,444.5,294.64,383.53999999999996,388.62,375.92,218.43999999999997,375.92,403.86,327.65999999999997,231.14,703.5799999999999,170.18,360.67999999999995,645.16,360.67999999999995,223.52,350.52,302.26,553.72,403.86,434.34000000000003,266.7,1031.24,266.7,927.0999999999999,426.71999999999997,289.56,330.2
2005,502.92,393.7,513.0799999999999,1010.9199999999998,535.94,396.23999999999995,515.62,347.97999999999996,327.65999999999997,581.66,505.4599999999999,513.0799999999999,543.56,571.5,347.97999999999996,843.28,459.74,325.12,370.84,426.71999999999997,414.02,571.5,843.28,452.12,279.4,515.62,528.3199999999999,607.06,477.52,505.4599999999999,383.53999999999996,276.86,662.94,530.8599999999999,652.78,274.32,1242.06,218.43999999999997,469.9,784.8599999999999,462.28,441.9599999999999,474.97999999999996,355.59999999999997,657.8599999999999,513.0799999999999,563.88,276.86,1115.06,535.94,1353.82,508.0,449.58,391.15999999999997
2006,609.5999999999999,408.94,789.9399999999999,660.4,673.0999999999999,492.75999999999993,248.92000000000002,487.67999999999995,365.76,637.54,513.0799999999999,515.62,627.38,546.1,391.15999999999997,640.0799999999999,601.9799999999999,548.64,492.75999999999993,393.7,431.79999999999995,345.44,889.0,541.02,401.32,266.7,642.62,393.7,365.76,355.59999999999997,525.78,360.67999999999995,520.6999999999999,388.62,386.08,287.02,680.72,281.94,411.47999999999996,619.7599999999999,637.54,312.42,386.08,485.14,889.0,482.59999999999997,619.7599999999999,360.67999999999995,1435.1,281.94,510.54,741.68,353.06,340.36
2007,563.88,281.94,614.68,419.09999999999997,248.92000000000002,330.2,248.92000000000002,439.42,172.72,297.17999999999995,177.79999999999998,467.35999999999996,474.97999999999996,426.71999999999997,297.17999999999995,340.36,492.75999999999993,523.24,469.9,281.94,414.02,210.82,500.37999999999994,337.82,276.86,170.18,614.68,220.97999999999996,292.09999999999997,373.37999999999994,261.62,281.94,393.7,342.9,218.43999999999997,198.11999999999998,464.82,231.14,396.23999999999995,601.9799999999999,215.89999999999998,160.01999999999998,421.64,264.15999999999997,568.9599999999999,373.37999999999994,302.26,266.7,835.66,193.04,538.4799999999999,485.14,215.89999999999998,426.71999999999997
2008,619.7599999999999,363.21999999999997,721.3599999999999,525.78,528.3199999999999,497.84000000000003,596.9,518.16,396.23999999999995,594.3599999999999,464.82,675.64,728.9799999999999,756.92,297.17999999999995,546.1,662.94,584.1999999999999,528.3199999999999,477.52,680.72,426.71999999999997,703.5799999999999,414.02,518.16,355.59999999999997,701.04,345.44,601.9799999999999,571.5,441.9599999999999,431.79999999999995,744.22,561.34,358.14,449.58,906.78,297.17999999999995,604.52,873.7599999999999,535.94,294.64,497.84000000000003,370.84,670.56,508.0,553.72,421.64,1308.1,337.82,1214.12,746.7599999999999,454.6599999999999,556.2599999999999
2009,627.38,363.21999999999997,825.5,482.59999999999997,485.14,441.9599999999999,383.53999999999996,469.9,218.43999999999997,497.84000000000003,320.03999999999996,713.74,632.4599999999999,609.5999999999999,396.23999999999995,505.4599999999999,584.1999999999999,548.64,439.42,414.02,556.2599999999999,289.56,718.8199999999999,467.35999999999996,350.52,287.02,756.92,340.36,482.59999999999997,464.82,454.6599999999999,391.15999999999997,614.68,431.79999999999995,309.87999999999994,335.28,718.8199999999999,271.78,487.67999999999995,698.5,462.28,182.88,406.4,406.4,850.9,441.9599999999999,419.09999999999997,391.15999999999997,1323.34,276.86,718.8199999999999,713.74,332.73999999999995,373.37999999999994
2010,622.3,264.15999999999997,530.8599999999999,353.06,403.86,426.71999999999997,441.9599999999999,320.03999999999996,226.06,325.12,330.2,632.4599999999999,492.75999999999993,528.3199999999999,236.22,495.29999999999995,464.82,325.12,373.37999999999994,408.94,419.09999999999997,294.64,551.18,312.42,276.86,259.08,601.9799999999999,289.56,424.17999999999995,508.0,231.14,259.08,515.62,401.32,264.15999999999997,274.32,701.04,213.35999999999999,424.17999999999995,614.68,347.97999999999996,226.06,373.37999999999994,259.08,591.8199999999999,535.94,325.12,236.22,1145.54,292.09999999999997,746.7599999999999,528.3199999999999,246.37999999999997,365.76
2011,883.9199999999998,497.84000000000003,1163.32,1018.54,635.0,599.44,388.62,655.3199999999999,398.78,759.4599999999999,523.24,828.04,955.04,782.3199999999999,454.6599999999999,949.9599999999999,698.5,807.72,556.2599999999999,421.64,635.0,398.78,1026.1599999999999,673.0999999999999,426.71999999999997,350.52,1145.54,485.14,345.44,363.21999999999997,645.16,441.9599999999999,579.12,411.47999999999996,444.5,368.29999999999995,1049.02,515.62,500.37999999999994,855.98,548.64,325.12,429.25999999999993,619.7599999999999,1140.4599999999998,741.68,655.3199999999999,421.64,2024.3799999999999,337.82,817.88,815.34,462.28,688.34
2012,330.2,345.44,624.84,383.53999999999996,261.62,274.32,317.5,261.62,157.48,220.97999999999996,213.35999999999999,360.67999999999995,373.37999999999994,375.92,360.67999999999995,340.36,314.96,302.26,259.08,276.86,271.78,200.66,508.0,327.65999999999997,223.52,180.33999999999997,398.78,261.62,287.02,353.06,347.97999999999996,213.35999999999999,322.58,322.58,266.7,205.73999999999998,510.54,185.42,269.23999999999995,452.12,238.76,116.83999999999999,307.34,317.5,594.3599999999999,386.08,218.43999999999997,203.2,703.5799999999999,172.72,551.18,314.96,182.88,220.97999999999996
2013,581.66,292.09999999999997,576.5799999999999,454.6599999999999,355.59999999999997,355.59999999999997,292.09999999999997,388.62,180.33999999999997,274.32,269.23999999999995,408.94,495.29999999999995,416.55999999999995,274.32,424.17999999999995,485.14,467.35999999999996,426.71999999999997,256.53999999999996,388.62,215.89999999999998,619.7599999999999,340.36,266.7,198.11999999999998,612.14,350.52,284.47999999999996,353.06,289.56,284.47999999999996,350.52,287.02,340.36,233.67999999999998,525.78,264.15999999999997,276.86,497.84000000000003,246.37999999999997,157.48,304.79999999999995,241.29999999999998,662.94,419.09999999999997,309.87999999999994,259.08,990.5999999999999,276.86,647.6999999999999,452.12,218.43999999999997,490.21999999999997
2014,678.18,414.02,998.2199999999999,457.2,436.87999999999994,431.79999999999995,264.15999999999997,571.5,220.97999999999996,373.37999999999994,299.72,551.18,716.28,594.3599999999999,467.35999999999996,373.37999999999994,650.24,655.3199999999999,548.64,347.97999999999996,563.88,185.42,858.5199999999999,495.29999999999995,388.62,226.06,850.9,256.53999999999996,403.86,355.59999999999997,647.6999999999999,365.76,469.9,457.2,264.15999999999997,342.9,673.0999999999999,337.82,523.24,622.3,360.67999999999995,162.56,370.84,523.24,975.3599999999999,561.34,386.08,381.0,1424.94,193.04,607.06,586.74,269.23999999999995,431.79999999999995
2015,492.75999999999993,259.08,622.3,297.17999999999995,340.36,317.5,149.86,393.7,147.32,269.23999999999995,287.02,200.66,416.55999999999995,347.97999999999996,254.0,248.92000000000002,571.5,421.64,566.42,322.58,388.62,172.72,464.82,304.79999999999995,213.35999999999999,99.05999999999999,556.2599999999999,193.04,340.36,312.42,355.59999999999997,248.92000000000002,289.56,309.87999999999994,142.23999999999998,200.66,439.42,231.14,345.44,513.0799999999999,264.15999999999997,124.46000000000001,320.03999999999996,322.58,640.0799999999999,312.42,279.4,246.37999999999997,833.1199999999999,116.83999999999999,467.35999999999996,370.84,200.66,297.17999999999995
2016,599.44,299.72,688.34,449.58,365.76,393.7,307.34,444.5,172.72,271.78,279.4,541.02,645.16,472.44,236.22,495.29999999999995,505.4599999999999,502.92,490.21999999999997,381.0,434.34000000000003,243.83999999999997,591.8199999999999,360.67999999999995,335.28,297.17999999999995,622.3,243.83999999999997,383.53999999999996,383.53999999999996,368.29999999999995,302.26,347.97999999999996,375.92,218.43999999999997,218.43999999999997,723.9,279.4,426.71999999999997,591.8199999999999,297.17999999999995,170.18,373.37999999999994,355.59999999999997,660.4,571.5,312.42,292.09999999999997,1242.06,266.7,678.18,541.02,264.15999999999997,467.35999999999996
2017,472.44,586.74,1221.74,734.06,566.42,317.5,492.75999999999993,439.42,441.9599999999999,749.3,490.21999999999997,480.05999999999995,568.9599999999999,513.0799999999999,530.8599999999999,683.2599999999999,535.94,561.34,436.87999999999994,444.5,449.58,454.6599999999999,1132.84,662.94,353.06,322.58,650.24,523.24,553.72,551.18,688.34,251.46,459.74,462.28,558.8,444.5,777.24,337.82,561.34,695.9599999999999,553.72,363.21999999999997,406.4,513.0799999999999,1135.38,574.04,607.06,347.97999999999996,1130.3,289.56,1010.9199999999998,515.62,502.92,490.21999999999997
2018,469.9,355.59999999999997,957.58,368.29999999999995,246.37999999999997,287.02,114.3,370.84,101.6,208.27999999999997,157.48,386.08,508.0,416.55999999999995,342.9,386.08,518.16,474.97999999999996,434.34000000000003,218.43999999999997,345.44,172.72,632.4599999999999,365.76,241.29999999999998,198.11999999999998,568.9599999999999,220.97999999999996,213.35999999999999,246.37999999999997,490.21999999999997,238.76,241.29999999999998,213.35999999999999,167.64,208.27999999999997,347.97999999999996,269.23999999999995,297.17999999999995,416.55999999999995,243.83999999999997,50.8,215.89999999999998,332.73999999999995,744.22,408.94,213.35999999999999,236.22,1153.1599999999999,198.11999999999998,396.23999999999995,373.37999999999994,187.96,383.53999999999996
2019,576.5799999999999,378.46,668.02,779.78,581.66,457.2,629.92,546.1,452.12,635.0,391.15999999999997,576.5799999999999,652.78,520.6999999999999,363.21999999999997,713.74,713.74,594.3599999999999,558.8,490.21999999999997,538.4799999999999,396.23999999999995,637.54,408.94,441.9599999999999,335.28,668.02,452.12,594.3599999999999,589.28,424.17999999999995,347.97999999999996,571.5,622.3,434.34000000000003,383.53999999999996,998.2199999999999,261.62,556.2599999999999,924.56,571.5,327.65999999999997,543.56,297.17999999999995,635.0,457.2,619.7599999999999,347.97999999999996,1473.1999999999998,342.9,1059.18,528.3199999999999,441.9599999999999,459.74
2020,642.62,284.47999999999996,754.38,538.4799999999999,472.44,358.14,297.17999999999995,497.84000000000003,266.7,345.44,264.15999999999997,551.18,627.38,538.4799999999999,287.02,525.78,513.0799999999999,523.24,500.37999999999994,320.03999999999996,482.59999999999997,335.28,632.4599999999999,414.02,345.44,345.44,746.7599999999999,350.52,424.17999999999995,337.82,401.32,330.2,408.94,386.08,302.26,266.7,535.94,330.2,480.05999999999995,622.3,393.7,200.66,398.78,347.97999999999996,736.5999999999999,485.14,414.02,314.96,1249.68,309.87999999999994,675.64,500.37999999999994,337.82,414.02
