year,month,soilm_basin_avg,source_file
1979,1,656.1614990234375,NLDAS_NOAH0125_M.A197901.020.nc
1979,2,647.469970703125,NLDAS_NOAH0125_M.A197902.020.nc
1979,3,667.3444213867188,NLDAS_NOAH0125_M.A197903.020.nc
1979,4,605.271240234375,NLDAS_NOAH0125_M.A197904.020.nc
1979,5,594.710205078125,NLDAS_NOAH0125_M.A197905.020.nc
1979,6,604.0366821289062,NLDAS_NOAH0125_M.A197906.020.nc
1979,7,570.1279296875,NLDAS_NOAH0125_M.A197907.020.nc
1979,8,589.748291015625,NLDAS_NOAH0125_M.A197908.020.nc
1979,9,589.0570068359375,NLDAS_NOAH0125_M.A197909.020.nc
1979,10,616.7501831054688,NLDAS_NOAH0125_M.A197910.020.nc
1979,11,592.96435546875,NLDAS_NOAH0125_M.A197911.020.nc
1979,12,589.65478515625,NLDAS_NOAH0125_M.A197912.020.nc
1980,1,589.0791625976562,NLDAS_NOAH0125_M.A198001.020.nc
1980,2,572.82666015625,NLDAS_NOAH0125_M.A198002.020.nc
1980,3,607.0222778320312,NLDAS_NOAH0125_M.A198003.020.nc
1980,4,630.7003173828125,NLDAS_NOAH0125_M.A198004.020.nc
1980,5,598.470458984375,NLDAS_NOAH0125_M.A198005.020.nc
1980,6,539.8870239257812,NLDAS_NOAH0125_M.A198006.020.nc
1980,7,487.4719543457031,NLDAS_NOAH0125_M.A198007.020.nc
1980,8,457.2803649902344,NLDAS_NOAH0125_M.A198008.020.nc
1980,9,405.3167419433594,NLDAS_NOAH0125_M.A198009.020.nc
1980,10,418.37408447265625,NLDAS_NOAH0125_M.A198010.020.nc
1980,11,471.0841064453125,NLDAS_NOAH0125_M.A198011.020.nc
1980,12,512.3074340820312,NLDAS_NOAH0125_M.A198012.020.nc
1981,1,515.0964965820312,NLDAS_NOAH0125_M.A198101.020.nc
1981,2,559.3505249023438,NLDAS_NOAH0125_M.A198102.020.nc
1981,3,583.8501586914062,NLDAS_NOAH0125_M.A198103.020.nc
1981,4,585.6878662109375,NLDAS_NOAH0125_M.A198104.020.nc
1981,5,598.9290161132812,NLDAS_NOAH0125_M.A198105.020.nc
1981,6,571.0637817382812,NLDAS_NOAH0125_M.A198106.020.nc
1981,7,556.7362060546875,NLDAS_NOAH0125_M.A198107.020.nc
1981,8,510.52716064453125,NLDAS_NOAH0125_M.A198108.020.nc
1981,9,514.8082885742188,NLDAS_NOAH0125_M.A198109.020.nc
1981,10,522.8760375976562,NLDAS_NOAH0125_M.A198110.020.nc
1981,11,561.6011962890625,NLDAS_NOAH0125_M.A198111.020.nc
1981,12,603.1135864257812,NLDAS_NOAH0125_M.A198112.020.nc
1982,1,611.3452758789062,NLDAS_NOAH0125_M.A198201.020.nc
1982,2,635.8104248046875,NLDAS_NOAH0125_M.A198202.020.nc
1982,3,619.1121215820312,NLDAS_NOAH0125_M.A198203.020.nc
1982,4,618.585693359375,NLDAS_NOAH0125_M.A198204.020.nc
1982,5,592.1267700195312,NLDAS_NOAH0125_M.A198205.020.nc
1982,6,599.6483764648438,NLDAS_NOAH0125_M.A198206.020.nc
1982,7,563.2523803710938,NLDAS_NOAH0125_M.A198207.020.nc
1982,8,515.5610961914062,NLDAS_NOAH0125_M.A198208.020.nc
1982,9,491.192626953125,NLDAS_NOAH0125_M.A198209.020.nc
1982,10,490.6990966796875,NLDAS_NOAH0125_M.A198210.020.nc
1982,11,531.4349975585938,NLDAS_NOAH0125_M.A198211.020.nc
1982,12,574.8548583984375,NLDAS_NOAH0125_M.A198212.020.nc
1983,1,597.0380249023438,NLDAS_NOAH0125_M.A198301.020.nc
1983,2,611.3729248046875,NLDAS_NOAH0125_M.A198302.020.nc
1983,3,634.7363891601562,NLDAS_NOAH0125_M.A198303.020.nc
1983,4,650.7221069335938,NLDAS_NOAH0125_M.A198304.020.nc
1983,5,609.2960815429688,NLDAS_NOAH0125_M.A198305.020.nc
1983,6,589.5897827148438,NLDAS_NOAH0125_M.A198306.020.nc
1983,7,513.8423461914062,NLDAS_NOAH0125_M.A198307.020.nc
1983,8,465.200927734375,NLDAS_NOAH0125_M.A198308.020.nc
1983,9,432.9016418457031,NLDAS_NOAH0125_M.A198309.020.nc
1983,10,471.8026428222656,NLDAS_NOAH0125_M.A198310.020.nc
1983,11,560.8599853515625,NLDAS_NOAH0125_M.A198311.020.nc
1983,12,642.58251953125,NLDAS_NOAH0125_M.A198312.020.nc
1984,1,630.190673828125,NLDAS_NOAH0125_M.A198401.020.nc
1984,2,644.8388061523438,NLDAS_NOAH0125_M.A198402.020.nc
1984,3,629.446533203125,NLDAS_NOAH0125_M.A198403.020.nc
1984,4,631.0565185546875,NLDAS_NOAH0125_M.A198404.020.nc
1984,5,606.7498168945312,NLDAS_NOAH0125_M.A198405.020.nc
1984,6,601.9225463867188,NLDAS_NOAH0125_M.A198406.020.nc
1984,7,604.6720581054688,NLDAS_NOAH0125_M.A198407.020.nc
1984,8,563.8926391601562,NLDAS_NOAH0125_M.A198408.020.nc
1984,9,504.08172607421875,NLDAS_NOAH0125_M.A198409.020.nc
1984,10,502.8707580566406,NLDAS_NOAH0125_M.A198410.020.nc
1984,11,529.094482421875,NLDAS_NOAH0125_M.A198411.020.nc
1984,12,566.6278076171875,NLDAS_NOAH0125_M.A198412.020.nc
1985,1,572.337890625,NLDAS_NOAH0125_M.A198501.020.nc
1985,2,592.4327392578125,NLDAS_NOAH0125_M.A198502.020.nc
1985,3,585.7850341796875,NLDAS_NOAH0125_M.A198503.020.nc
1985,4,559.5401000976562,NLDAS_NOAH0125_M.A198504.020.nc
1985,5,572.2305297851562,NLDAS_NOAH0125_M.A198505.020.nc
1985,6,562.5946655273438,NLDAS_NOAH0125_M.A198506.020.nc
1985,7,515.652587890625,NLDAS_NOAH0125_M.A198507.020.nc
1985,8,522.626708984375,NLDAS_NOAH0125_M.A198508.020.nc
1985,9,506.362060546875,NLDAS_NOAH0125_M.A198509.020.nc
1985,10,558.1002807617188,NLDAS_NOAH0125_M.A198510.020.nc
1985,11,577.9893798828125,NLDAS_NOAH0125_M.A198511.020.nc
1985,12,606.2886962890625,NLDAS_NOAH0125_M.A198512.020.nc
1986,1,583.3854370117188,NLDAS_NOAH0125_M.A198601.020.nc
1986,2,626.8380126953125,NLDAS_NOAH0125_M.A198602.020.nc
1986,3,602.2852172851562,NLDAS_NOAH0125_M.A198603.020.nc
1986,4,597.169677734375,NLDAS_NOAH0125_M.A198604.020.nc
1986,5,565.3500366210938,NLDAS_NOAH0125_M.A198605.020.nc
1986,6,506.5033874511719,NLDAS_NOAH0125_M.A198606.020.nc
1986,7,471.4036865234375,NLDAS_NOAH0125_M.A198607.020.nc
1986,8,500.2314453125,NLDAS_NOAH0125_M.A198608.020.nc
1986,9,477.3874206542969,NLDAS_NOAH0125_M.A198609.020.nc
1986,10,475.64093017578125,NLDAS_NOAH0125_M.A198610.020.nc
1986,11,550.9506225585938,NLDAS_NOAH0125_M.A198611.020.nc
1986,12,636.201904296875,NLDAS_NOAH0125_M.A198612.020.nc
1987,1,621.7609252929688,NLDAS_NOAH0125_M.A198701.020.nc
1987,2,608.9483642578125,NLDAS_NOAH0125_M.A198702.020.nc
1987,3,609.6566772460938,NLDAS_NOAH0125_M.A198703.020.nc
1987,4,624.3275146484375,NLDAS_NOAH0125_M.A198704.020.nc
1987,5,589.1123657226562,NLDAS_NOAH0125_M.A198705.020.nc
1987,6,561.0957641601562,NLDAS_NOAH0125_M.A198706.020.nc
1987,7,610.622802734375,NLDAS_NOAH0125_M.A198707.020.nc
1987,8,570.900390625,NLDAS_NOAH0125_M.A198708.020.nc
1987,9,557.6480712890625,NLDAS_NOAH0125_M.A198709.020.nc
1987,10,565.903076171875,NLDAS_NOAH0125_M.A198710.020.nc
1987,11,588.965576171875,NLDAS_NOAH0125_M.A198711.020.nc
1987,12,594.5765991210938,NLDAS_NOAH0125_M.A198712.020.nc
1988,1,585.6435546875,NLDAS_NOAH0125_M.A198801.020.nc
1988,2,638.7568969726562,NLDAS_NOAH0125_M.A198802.020.nc
1988,3,609.2142333984375,NLDAS_NOAH0125_M.A198803.020.nc
1988,4,572.2836303710938,NLDAS_NOAH0125_M.A198804.020.nc
1988,5,587.4740600585938,NLDAS_NOAH0125_M.A198805.020.nc
1988,6,548.3280029296875,NLDAS_NOAH0125_M.A198806.020.nc
1988,7,502.281494140625,NLDAS_NOAH0125_M.A198807.020.nc
1988,8,529.4371337890625,NLDAS_NOAH0125_M.A198808.020.nc
1988,9,526.1258544921875,NLDAS_NOAH0125_M.A198809.020.nc
1988,10,508.5069274902344,NLDAS_NOAH0125_M.A198810.020.nc
1988,11,572.9464111328125,NLDAS_NOAH0125_M.A198811.020.nc
1988,12,592.3133544921875,NLDAS_NOAH0125_M.A198812.020.nc
1989,1,580.634521484375,NLDAS_NOAH0125_M.A198901.020.nc
1989,2,587.567626953125,NLDAS_NOAH0125_M.A198902.020.nc
1989,3,597.5093994140625,NLDAS_NOAH0125_M.A198903.020.nc
1989,4,602.638671875,NLDAS_NOAH0125_M.A198904.020.nc
1989,5,631.7513427734375,NLDAS_NOAH0125_M.A198905.020.nc
1989,6,622.6010131835938,NLDAS_NOAH0125_M.A198906.020.nc
1989,7,607.3657836914062,NLDAS_NOAH0125_M.A198907.020.nc
1989,8,558.9059448242188,NLDAS_NOAH0125_M.A198908.020.nc
1989,9,552.843505859375,NLDAS_NOAH0125_M.A198909.020.nc
1989,10,608.23486328125,NLDAS_NOAH0125_M.A198910.020.nc
1989,11,595.8084716796875,NLDAS_NOAH0125_M.A198911.020.nc
1989,12,565.1785278320312,NLDAS_NOAH0125_M.A198912.020.nc
1990,1,585.1587524414062,NLDAS_NOAH0125_M.A199001.020.nc
1990,2,610.0487060546875,NLDAS_NOAH0125_M.A199002.020.nc
1990,3,578.5287475585938,NLDAS_NOAH0125_M.A199003.020.nc
1990,4,596.8893432617188,NLDAS_NOAH0125_M.A199004.020.nc
1990,5,610.510986328125,NLDAS_NOAH0125_M.A199005.020.nc
1990,6,605.5577392578125,NLDAS_NOAH0125_M.A199006.020.nc
1990,7,562.3270874023438,NLDAS_NOAH0125_M.A199007.020.nc
1990,8,582.2383422851562,NLDAS_NOAH0125_M.A199008.020.nc
1990,9,545.68408203125,NLDAS_NOAH0125_M.A199009.020.nc
1990,10,551.6925048828125,NLDAS_NOAH0125_M.A199010.020.nc
1990,11,574.6307373046875,NLDAS_NOAH0125_M.A199011.020.nc
1990,12,605.815673828125,NLDAS_NOAH0125_M.A199012.020.nc
1991,1,622.9938354492188,NLDAS_NOAH0125_M.A199101.020.nc
1991,2,591.3045654296875,NLDAS_NOAH0125_M.A199102.020.nc
1991,3,603.1808471679688,NLDAS_NOAH0125_M.A199103.020.nc
1991,4,593.380859375,NLDAS_NOAH0125_M.A199104.020.nc
1991,5,577.1156616210938,NLDAS_NOAH0125_M.A199105.020.nc
1991,6,525.3621826171875,NLDAS_NOAH0125_M.A199106.020.nc
1991,7,509.86236572265625,NLDAS_NOAH0125_M.A199107.020.nc
1991,8,527.8997192382812,NLDAS_NOAH0125_M.A199108.020.nc
1991,9,506.18792724609375,NLDAS_NOAH0125_M.A199109.020.nc
1991,10,533.8688354492188,NLDAS_NOAH0125_M.A199110.020.nc
1991,11,536.609619140625,NLDAS_NOAH0125_M.A199111.020.nc
1991,12,591.7155151367188,NLDAS_NOAH0125_M.A199112.020.nc
1992,1,583.4424438476562,NLDAS_NOAH0125_M.A199201.020.nc
1992,2,575.9707641601562,NLDAS_NOAH0125_M.A199202.020.nc
1992,3,582.5585327148438,NLDAS_NOAH0125_M.A199203.020.nc
1992,4,568.0375366210938,NLDAS_NOAH0125_M.A199204.020.nc
1992,5,546.4458618164062,NLDAS_NOAH0125_M.A199205.020.nc
1992,6,579.233154296875,NLDAS_NOAH0125_M.A199206.020.nc
1992,7,549.924560546875,NLDAS_NOAH0125_M.A199207.020.nc
1992,8,530.0038452148438,NLDAS_NOAH0125_M.A199208.020.nc
1992,9,495.17724609375,NLDAS_NOAH0125_M.A199209.020.nc
1992,10,504.89031982421875,NLDAS_NOAH0125_M.A199210.020.nc
1992,11,560.4833984375,NLDAS_NOAH0125_M.A199211.020.nc
1992,12,619.6589965820312,NLDAS_NOAH0125_M.A199212.020.nc
1993,1,599.8345336914062,NLDAS_NOAH0125_M.A199301.020.nc
1993,2,592.4864501953125,NLDAS_NOAH0125_M.A199302.020.nc
1993,3,638.3597412109375,NLDAS_NOAH0125_M.A199303.020.nc
1993,4,625.10986328125,NLDAS_NOAH0125_M.A199304.020.nc
1993,5,570.0576782226562,NLDAS_NOAH0125_M.A199305.020.nc
1993,6,531.6400756835938,NLDAS_NOAH0125_M.A199306.020.nc
1993,7,506.7030944824219,NLDAS_NOAH0125_M.A199307.020.nc
1993,8,482.5260925292969,NLDAS_NOAH0125_M.A199308.020.nc
1993,9,497.1888427734375,NLDAS_NOAH0125_M.A199309.020.nc
1993,10,570.431640625,NLDAS_NOAH0125_M.A199310.020.nc
1993,11,586.7120971679688,NLDAS_NOAH0125_M.A199311.020.nc
1993,12,625.3703002929688,NLDAS_NOAH0125_M.A199312.020.nc
1994,1,620.6827392578125,NLDAS_NOAH0125_M.A199401.020.nc
1994,2,669.9786376953125,NLDAS_NOAH0125_M.A199402.020.nc
1994,3,688.9829711914062,NLDAS_NOAH0125_M.A199403.020.nc
1994,4,623.525146484375,NLDAS_NOAH0125_M.A199404.020.nc
1994,5,584.9615478515625,NLDAS_NOAH0125_M.A199405.020.nc
1994,6,551.41650390625,NLDAS_NOAH0125_M.A199406.020.nc
1994,7,538.9329833984375,NLDAS_NOAH0125_M.A199407.020.nc
1994,8,570.0026245117188,NLDAS_NOAH0125_M.A199408.020.nc
1994,9,540.442626953125,NLDAS_NOAH0125_M.A199409.020.nc
1994,10,516.3355712890625,NLDAS_NOAH0125_M.A199410.020.nc
1994,11,522.4578857421875,NLDAS_NOAH0125_M.A199411.020.nc
1994,12,590.3827514648438,NLDAS_NOAH0125_M.A199412.020.nc
1995,1,600.0763549804688,NLDAS_NOAH0125_M.A199501.020.nc
1995,2,588.3302001953125,NLDAS_NOAH0125_M.A199502.020.nc
1995,3,596.2172241210938,NLDAS_NOAH0125_M.A199503.020.nc
1995,4,558.9826049804688,NLDAS_NOAH0125_M.A199504.020.nc
1995,5,539.5623168945312,NLDAS_NOAH0125_M.A199505.020.nc
1995,6,513.7332763671875,NLDAS_NOAH0125_M.A199506.020.nc
1995,7,485.61480712890625,NLDAS_NOAH0125_M.A199507.020.nc
1995,8,447.5347900390625,NLDAS_NOAH0125_M.A199508.020.nc
1995,9,408.39874267578125,NLDAS_NOAH0125_M.A199509.020.nc
1995,10,509.5890808105469,NLDAS_NOAH0125_M.A199510.020.nc
1995,11,608.4121704101562,NLDAS_NOAH0125_M.A199511.020.nc
1995,12,595.1433715820312,NLDAS_NOAH0125_M.A199512.020.nc
1996,1,632.0511474609375,NLDAS_NOAH0125_M.A199601.020.nc
1996,2,645.0186767578125,NLDAS_NOAH0125_M.A199602.020.nc
1996,3,640.9904174804688,NLDAS_NOAH0125_M.A199603.020.nc
1996,4,627.6910400390625,NLDAS_NOAH0125_M.A199604.020.nc
1996,5,593.362548828125,NLDAS_NOAH0125_M.A199605.020.nc
1996,6,585.761962890625,NLDAS_NOAH0125_M.A199606.020.nc
1996,7,607.0657958984375,NLDAS_NOAH0125_M.A199607.020.nc
1996,8,581.4623413085938,NLDAS_NOAH0125_M.A199608.020.nc
1996,9,550.6550903320312,NLDAS_NOAH0125_M.A199609.020.nc
1996,10,602.2380981445312,NLDAS_NOAH0125_M.A199610.020.nc
1996,11,589.6510620117188,NLDAS_NOAH0125_M.A199611.020.nc
1996,12,646.7913818359375,NLDAS_NOAH0125_M.A199612.020.nc
1997,1,603.0519409179688,NLDAS_NOAH0125_M.A199701.020.nc
1997,2,630.2520751953125,NLDAS_NOAH0125_M.A199702.020.nc
1997,3,602.8248901367188,NLDAS_NOAH0125_M.A199703.020.nc
1997,4,600.0093994140625,NLDAS_NOAH0125_M.A199704.020.nc
1997,5,590.130615234375,NLDAS_NOAH0125_M.A199705.020.nc
1997,6,574.1461791992188,NLDAS_NOAH0125_M.A199706.020.nc
1997,7,514.5634765625,NLDAS_NOAH0125_M.A199707.020.nc
1997,8,515.62548828125,NLDAS_NOAH0125_M.A199708.020.nc
1997,9,489.008544921875,NLDAS_NOAH0125_M.A199709.020.nc
1997,10,459.9541320800781,NLDAS_NOAH0125_M.A199710.020.nc
1997,11,518.306396484375,NLDAS_NOAH0125_M.A199711.020.nc
1997,12,551.7290649414062,NLDAS_NOAH0125_M.A199712.020.nc
1998,1,615.7655639648438,NLDAS_NOAH0125_M.A199801.020.nc
1998,2,614.9573974609375,NLDAS_NOAH0125_M.A199802.020.nc
1998,3,624.319091796875,NLDAS_NOAH0125_M.A199803.020.nc
1998,4,613.2470703125,NLDAS_NOAH0125_M.A199804.020.nc
1998,5,619.157958984375,NLDAS_NOAH0125_M.A199805.020.nc
1998,6,573.4136962890625,NLDAS_NOAH0125_M.A199806.020.nc
1998,7,513.4998168945312,NLDAS_NOAH0125_M.A199807.020.nc
1998,8,435.79266357421875,NLDAS_NOAH0125_M.A199808.020.nc
1998,9,407.0921936035156,NLDAS_NOAH0125_M.A199809.020.nc
1998,10,409.2242431640625,NLDAS_NOAH0125_M.A199810.020.nc
1998,11,412.9669189453125,NLDAS_NOAH0125_M.A199811.020.nc
1998,12,428.93829345703125,NLDAS_NOAH0125_M.A199812.020.nc
1999,1,536.0384521484375,NLDAS_NOAH0125_M.A199901.020.nc
1999,2,603.73779296875,NLDAS_NOAH0125_M.A199902.020.nc
1999,3,614.0399169921875,NLDAS_NOAH0125_M.A199903.020.nc
1999,4,592.04052734375,NLDAS_NOAH0125_M.A199904.020.nc
1999,5,562.491455078125,NLDAS_NOAH0125_M.A199905.020.nc
1999,6,525.1658325195312,NLDAS_NOAH0125_M.A199906.020.nc
1999,7,448.5562744140625,NLDAS_NOAH0125_M.A199907.020.nc
1999,8,410.4343566894531,NLDAS_NOAH0125_M.A199908.020.nc
1999,9,498.32843017578125,NLDAS_NOAH0125_M.A199909.020.nc
1999,10,572.4230346679688,NLDAS_NOAH0125_M.A199910.020.nc
1999,11,564.4102783203125,NLDAS_NOAH0125_M.A199911.020.nc
1999,12,595.969482421875,NLDAS_NOAH0125_M.A199912.020.nc
2000,1,587.041015625,NLDAS_NOAH0125_M.A200001.020.nc
2000,2,598.2955932617188,NLDAS_NOAH0125_M.A200002.020.nc
2000,3,604.1688232421875,NLDAS_NOAH0125_M.A200003.020.nc
2000,4,591.5838012695312,NLDAS_NOAH0125_M.A200004.020.nc
2000,5,575.9769897460938,NLDAS_NOAH0125_M.A200005.020.nc
2000,6,561.8406982421875,NLDAS_NOAH0125_M.A200006.020.nc
2000,7,518.899169921875,NLDAS_NOAH0125_M.A200007.020.nc
2000,8,574.4158935546875,NLDAS_NOAH0125_M.A200008.020.nc
2000,9,556.8605346679688,NLDAS_NOAH0125_M.A200009.020.nc
2000,10,555.6386108398438,NLDAS_NOAH0125_M.A200010.020.nc
2000,11,546.8587036132812,NLDAS_NOAH0125_M.A200011.020.nc
2000,12,593.05517578125,NLDAS_NOAH0125_M.A200012.020.nc
2001,1,611.1109008789062,NLDAS_NOAH0125_M.A200101.020.nc
2001,2,646.39599609375,NLDAS_NOAH0125_M.A200102.020.nc
2001,3,633.6765747070312,NLDAS_NOAH0125_M.A200103.020.nc
2001,4,611.5610961914062,NLDAS_NOAH0125_M.A200104.020.nc
2001,5,553.2574462890625,NLDAS_NOAH0125_M.A200105.020.nc
2001,6,589.8927612304688,NLDAS_NOAH0125_M.A200106.020.nc
2001,7,551.67529296875,NLDAS_NOAH0125_M.A200107.020.nc
2001,8,516.6192626953125,NLDAS_NOAH0125_M.A200108.020.nc
2001,9,484.0548095703125,NLDAS_NOAH0125_M.A200109.020.nc
2001,10,467.4908752441406,NLDAS_NOAH0125_M.A200110.020.nc
2001,11,447.5037841796875,NLDAS_NOAH0125_M.A200111.020.nc
2001,12,472.6123962402344,NLDAS_NOAH0125_M.A200112.020.nc
2002,1,515.5411376953125,NLDAS_NOAH0125_M.A200201.020.nc
2002,2,538.4288330078125,NLDAS_NOAH0125_M.A200202.020.nc
2002,3,561.1328735351562,NLDAS_NOAH0125_M.A200203.020.nc
2002,4,568.697265625,NLDAS_NOAH0125_M.A200204.020.nc
2002,5,590.9405517578125,NLDAS_NOAH0125_M.A200205.020.nc
2002,6,573.0847778320312,NLDAS_NOAH0125_M.A200206.020.nc
2002,7,496.89752197265625,NLDAS_NOAH0125_M.A200207.020.nc
2002,8,429.28851318359375,NLDAS_NOAH0125_M.A200208.020.nc
2002,9,453.6110534667969,NLDAS_NOAH0125_M.A200209.020.nc
2002,10,509.8415222167969,NLDAS_NOAH0125_M.A200210.020.nc
2002,11,588.8907470703125,NLDAS_NOAH0125_M.A200211.020.nc
2002,12,613.4090576171875,NLDAS_NOAH0125_M.A200212.020.nc
2003,1,602.80810546875,NLDAS_NOAH0125_M.A200301.020.nc
2003,2,583.4569702148438,NLDAS_NOAH0125_M.A200302.020.nc
2003,3,656.1060791015625,NLDAS_NOAH0125_M.A200303.020.nc
2003,4,609.6234130859375,NLDAS_NOAH0125_M.A200304.020.nc
2003,5,574.7968139648438,NLDAS_NOAH0125_M.A200305.020.nc
2003,6,632.0858764648438,NLDAS_NOAH0125_M.A200306.020.nc
2003,7,551.0029907226562,NLDAS_NOAH0125_M.A200307.020.nc
2003,8,557.3794555664062,NLDAS_NOAH0125_M.A200308.020.nc
2003,9,547.5277099609375,NLDAS_NOAH0125_M.A200309.020.nc
2003,10,569.1494750976562,NLDAS_NOAH0125_M.A200310.020.nc
2003,11,620.5945434570312,NLDAS_NOAH0125_M.A200311.020.nc
2003,12,633.810791015625,NLDAS_NOAH0125_M.A200312.020.nc
2004,1,599.8832397460938,NLDAS_NOAH0125_M.A200401.020.nc
2004,2,620.566650390625,NLDAS_NOAH0125_M.A200402.020.nc
2004,3,620.51123046875,NLDAS_NOAH0125_M.A200403.020.nc
2004,4,614.7939453125,NLDAS_NOAH0125_M.A200404.020.nc
2004,5,590.1100463867188,NLDAS_NOAH0125_M.A200405.020.nc
2004,6,538.4076538085938,NLDAS_NOAH0125_M.A200406.020.nc
2004,7,542.3301391601562,NLDAS_NOAH0125_M.A200407.020.nc
2004,8,575.2693481445312,NLDAS_NOAH0125_M.A200408.020.nc
2004,9,526.5933837890625,NLDAS_NOAH0125_M.A200409.020.nc
2004,10,575.716552734375,NLDAS_NOAH0125_M.A200410.020.nc
2004,11,588.4180297851562,NLDAS_NOAH0125_M.A200411.020.nc
2004,12,619.1568603515625,NLDAS_NOAH0125_M.A200412.020.nc
2005,1,611.6942749023438,NLDAS_NOAH0125_M.A200501.020.nc
2005,2,607.4510498046875,NLDAS_NOAH0125_M.A200502.020.nc
2005,3,606.4789428710938,NLDAS_NOAH0125_M.A200503.020.nc
2005,4,615.0717163085938,NLDAS_NOAH0125_M.A200504.020.nc
2005,5,569.1450805664062,NLDAS_NOAH0125_M.A200505.020.nc
2005,6,540.51806640625,NLDAS_NOAH0125_M.A200506.020.nc
2005,7,563.6561279296875,NLDAS_NOAH0125_M.A200507.020.nc
2005,8,494.3862609863281,NLDAS_NOAH0125_M.A200508.020.nc
2005,9,430.5802001953125,NLDAS_NOAH0125_M.A200509.020.nc
2005,10,549.5426025390625,NLDAS_NOAH0125_M.A200510.020.nc
2005,11,596.01123046875,NLDAS_NOAH0125_M.A200511.020.nc
2005,12,617.2034912109375,NLDAS_NOAH0125_M.A200512.020.nc
2006,1,632.4033203125,NLDAS_NOAH0125_M.A200601.020.nc
2006,2,605.146728515625,NLDAS_NOAH0125_M.A200602.020.nc
2006,3,571.8853759765625,NLDAS_NOAH0125_M.A200603.020.nc
2006,4,564.586669921875,NLDAS_NOAH0125_M.A200604.020.nc
2006,5,574.3869018554688,NLDAS_NOAH0125_M.A200605.020.nc
2006,6,593.1029663085938,NLDAS_NOAH0125_M.A200606.020.nc
2006,7,581.8790283203125,NLDAS_NOAH0125_M.A200607.020.nc
2006,8,506.6808166503906,NLDAS_NOAH0125_M.A200608.020.nc
2006,9,545.851806640625,NLDAS_NOAH0125_M.A200609.020.nc
2006,10,578.5425415039062,NLDAS_NOAH0125_M.A200610.020.nc
2006,11,630.671630859375,NLDAS_NOAH0125_M.A200611.020.nc
2006,12,595.9763793945312,NLDAS_NOAH0125_M.A200612.020.nc
2007,1,611.8165283203125,NLDAS_NOAH0125_M.A200701.020.nc
2007,2,569.8353881835938,NLDAS_NOAH0125_M.A200702.020.nc
2007,3,613.5369873046875,NLDAS_NOAH0125_M.A200703.020.nc
2007,4,631.2041015625,NLDAS_NOAH0125_M.A200704.020.nc
2007,5,593.5810546875,NLDAS_NOAH0125_M.A200705.020.nc
2007,6,558.7198486328125,NLDAS_NOAH0125_M.A200706.020.nc
2007,7,549.0219116210938,NLDAS_NOAH0125_M.A200707.020.nc
2007,8,513.5037841796875,NLDAS_NOAH0125_M.A200708.020.nc
2007,9,473.0239562988281,NLDAS_NOAH0125_M.A200709.020.nc
2007,10,455.3735656738281,NLDAS_NOAH0125_M.A200710.020.nc
2007,11,513.159912109375,NLDAS_NOAH0125_M.A200711.020.nc
2007,12,553.9478149414062,NLDAS_NOAH0125_M.A200712.020.nc
2008,1,605.2850341796875,NLDAS_NOAH0125_M.A200801.020.nc
2008,2,611.380126953125,NLDAS_NOAH0125_M.A200802.020.nc
2008,3,610.28955078125,NLDAS_NOAH0125_M.A200803.020.nc
2008,4,583.2959594726562,NLDAS_NOAH0125_M.A200804.020.nc
2008,5,575.3963012695312,NLDAS_NOAH0125_M.A200805.020.nc
2008,6,558.0370483398438,NLDAS_NOAH0125_M.A200806.020.nc
2008,7,503.62567138671875,NLDAS_NOAH0125_M.A200807.020.nc
2008,8,464.3968811035156,NLDAS_NOAH0125_M.A200808.020.nc
2008,9,466.9601135253906,NLDAS_NOAH0125_M.A200809.020.nc
2008,10,482.6081848144531,NLDAS_NOAH0125_M.A200810.020.nc
2008,11,546.5352172851562,NLDAS_NOAH0125_M.A200811.020.nc
2008,12,618.6255493164062,NLDAS_NOAH0125_M.A200812.020.nc
2009,1,608.2700805664062,NLDAS_NOAH0125_M.A200901.020.nc
2009,2,590.7247314453125,NLDAS_NOAH0125_M.A200902.020.nc
2009,3,574.02392578125,NLDAS_NOAH0125_M.A200903.020.nc
2009,4,590.0852661132812,NLDAS_NOAH0125_M.A200904.020.nc
2009,5,599.1219482421875,NLDAS_NOAH0125_M.A200905.020.nc
2009,6,599.0932006835938,NLDAS_NOAH0125_M.A200906.020.nc
2009,7,560.9612426757812,NLDAS_NOAH0125_M.A200907.020.nc
2009,8,587.6492919921875,NLDAS_NOAH0125_M.A200908.020.nc
2009,9,577.1199340820312,NLDAS_NOAH0125_M.A200909.020.nc
2009,10,575.3038330078125,NLDAS_NOAH0125_M.A200910.020.nc
2009,11,595.1153564453125,NLDAS_NOAH0125_M.A200911.020.nc
2009,12,623.0906982421875,NLDAS_NOAH0125_M.A200912.020.nc
2010,1,613.746826171875,NLDAS_NOAH0125_M.A201001.020.nc
2010,2,624.6627807617188,NLDAS_NOAH0125_M.A201002.020.nc
2010,3,651.3745727539062,NLDAS_NOAH0125_M.A201003.020.nc
2010,4,609.8151245117188,NLDAS_NOAH0125_M.A201004.020.nc
2010,5,581.0199584960938,NLDAS_NOAH0125_M.A201005.020.nc
2010,6,539.4336547851562,NLDAS_NOAH0125_M.A201006.020.nc
2010,7,474.4912109375,NLDAS_NOAH0125_M.A201007.020.nc
2010,8,415.6254577636719,NLDAS_NOAH0125_M.A201008.020.nc
2010,9,367.74560546875,NLDAS_NOAH0125_M.A201009.020.nc
2010,10,445.7083740234375,NLDAS_NOAH0125_M.A201010.020.nc
2010,11,474.33740234375,NLDAS_NOAH0125_M.A201011.020.nc
2010,12,529.3927001953125,NLDAS_NOAH0125_M.A201012.020.nc
2011,1,548.9437866210938,NLDAS_NOAH0125_M.A201101.020.nc
2011,2,608.4391479492188,NLDAS_NOAH0125_M.A201102.020.nc
2011,3,652.111572265625,NLDAS_NOAH0125_M.A201103.020.nc
2011,4,615.9043579101562,NLDAS_NOAH0125_M.A201104.020.nc
2011,5,600.054443359375,NLDAS_NOAH0125_M.A201105.020.nc
2011,6,555.4688720703125,NLDAS_NOAH0125_M.A201106.020.nc
2011,7,528.6402587890625,NLDAS_NOAH0125_M.A201107.020.nc
2011,8,569.3915405273438,NLDAS_NOAH0125_M.A201108.020.nc
2011,9,636.435302734375,NLDAS_NOAH0125_M.A201109.020.nc
2011,10,600.7430419921875,NLDAS_NOAH0125_M.A201110.020.nc
2011,11,604.8623046875,NLDAS_NOAH0125_M.A201111.020.nc
2011,12,618.83642578125,NLDAS_NOAH0125_M.A201112.020.nc
2012,1,606.474853515625,NLDAS_NOAH0125_M.A201201.020.nc
2012,2,580.947998046875,NLDAS_NOAH0125_M.A201202.020.nc
2012,3,559.8019409179688,NLDAS_NOAH0125_M.A201203.020.nc
2012,4,542.156005859375,NLDAS_NOAH0125_M.A201204.020.nc
2012,5,567.0296020507812,NLDAS_NOAH0125_M.A201205.020.nc
2012,6,543.2680053710938,NLDAS_NOAH0125_M.A201206.020.nc
2012,7,466.34344482421875,NLDAS_NOAH0125_M.A201207.020.nc
2012,8,458.4274597167969,NLDAS_NOAH0125_M.A201208.020.nc
2012,9,442.56207275390625,NLDAS_NOAH0125_M.A201209.020.nc
2012,10,443.7992248535156,NLDAS_NOAH0125_M.A201210.020.nc
2012,11,497.35467529296875,NLDAS_NOAH0125_M.A201211.020.nc
2012,12,536.8052978515625,NLDAS_NOAH0125_M.A201212.020.nc
2013,1,589.6983642578125,NLDAS_NOAH0125_M.A201301.020.nc
2013,2,596.87451171875,NLDAS_NOAH0125_M.A201302.020.nc
2013,3,594.2677001953125,NLDAS_NOAH0125_M.A201303.020.nc
2013,4,577.3268432617188,NLDAS_NOAH0125_M.A201304.020.nc
2013,5,567.03759765625,NLDAS_NOAH0125_M.A201305.020.nc
2013,6,596.234619140625,NLDAS_NOAH0125_M.A201306.020.nc
2013,7,579.3275146484375,NLDAS_NOAH0125_M.A201307.020.nc
2013,8,554.161376953125,NLDAS_NOAH0125_M.A201308.020.nc
2013,9,501.6199951171875,NLDAS_NOAH0125_M.A201309.020.nc
2013,10,474.9367980957031,NLDAS_NOAH0125_M.A201310.020.nc
2013,11,471.12640380859375,NLDAS_NOAH0125_M.A201311.020.nc
2013,12,557.8665161132812,NLDAS_NOAH0125_M.A201312.020.nc
2014,1,606.0150146484375,NLDAS_NOAH0125_M.A201401.020.nc
2014,2,650.1046752929688,NLDAS_NOAH0125_M.A201402.020.nc
2014,3,629.407470703125,NLDAS_NOAH0125_M.A201403.020.nc
2014,4,615.2808837890625,NLDAS_NOAH0125_M.A201404.020.nc
2014,5,613.9337768554688,NLDAS_NOAH0125_M.A201405.020.nc
2014,6,555.9927368164062,NLDAS_NOAH0125_M.A201406.020.nc
2014,7,520.1334228515625,NLDAS_NOAH0125_M.A201407.020.nc
2014,8,468.9628601074219,NLDAS_NOAH0125_M.A201408.020.nc
2014,9,412.3761291503906,NLDAS_NOAH0125_M.A201409.020.nc
2014,10,408.9548034667969,NLDAS_NOAH0125_M.A201410.020.nc
2014,11,466.5074157714844,NLDAS_NOAH0125_M.A201411.020.nc
2014,12,563.3778076171875,NLDAS_NOAH0125_M.A201412.020.nc
2015,1,610.333740234375,NLDAS_NOAH0125_M.A201501.020.nc
2015,2,642.7054443359375,NLDAS_NOAH0125_M.A201502.020.nc
2015,3,669.6483764648438,NLDAS_NOAH0125_M.A201503.020.nc
2015,4,641.5734252929688,NLDAS_NOAH0125_M.A201504.020.nc
2015,5,566.9702758789062,NLDAS_NOAH0125_M.A201505.020.nc
2015,6,561.5801391601562,NLDAS_NOAH0125_M.A201506.020.nc
2015,7,544.8231201171875,NLDAS_NOAH0125_M.A201507.020.nc
2015,8,472.78363037109375,NLDAS_NOAH0125_M.A201508.020.nc
2015,9,420.921875,NLDAS_NOAH0125_M.A201509.020.nc
2015,10,459.667724609375,NLDAS_NOAH0125_M.A201510.020.nc
2015,11,491.2514343261719,NLDAS_NOAH0125_M.A201511.020.nc
2015,12,535.5463256835938,NLDAS_NOAH0125_M.A201512.020.nc
2016,1,592.3535766601562,NLDAS_NOAH0125_M.A201601.020.nc
2016,2,605.6849365234375,NLDAS_NOAH0125_M.A201602.020.nc
2016,3,597.0184326171875,NLDAS_NOAH0125_M.A201603.020.nc
2016,4,570.084716796875,NLDAS_NOAH0125_M.A201604.020.nc
2016,5,567.52197265625,NLDAS_NOAH0125_M.A201605.020.nc
2016,6,531.8268432617188,NLDAS_NOAH0125_M.A201606.020.nc
2016,7,501.8166198730469,NLDAS_NOAH0125_M.A201607.020.nc
2016,8,477.72698974609375,NLDAS_NOAH0125_M.A201608.020.nc
2016,9,418.0074157714844,NLDAS_NOAH0125_M.A201609.020.nc
2016,10,417.77239990234375,NLDAS_NOAH0125_M.A201610.020.nc
2016,11,424.47479248046875,NLDAS_NOAH0125_M.A201611.020.nc
2016,12,497.4101867675781,NLDAS_NOAH0125_M.A201612.020.nc
2017,1,551.4678955078125,NLDAS_NOAH0125_M.A201701.020.nc
2017,2,568.1005859375,NLDAS_NOAH0125_M.A201702.020.nc
2017,3,564.1312866210938,NLDAS_NOAH0125_M.A201703.020.nc
2017,4,597.576416015625,NLDAS_NOAH0125_M.A201704.020.nc
2017,5,587.2575073242188,NLDAS_NOAH0125_M.A201705.020.nc
2017,6,559.72900390625,NLDAS_NOAH0125_M.A201706.020.nc
2017,7,529.0846557617188,NLDAS_NOAH0125_M.A201707.020.nc
2017,8,513.4298095703125,NLDAS_NOAH0125_M.A201708.020.nc
2017,9,478.92669677734375,NLDAS_NOAH0125_M.A201709.020.nc
2017,10,454.8892517089844,NLDAS_NOAH0125_M.A201710.020.nc
2017,11,527.476318359375,NLDAS_NOAH0125_M.A201711.020.nc
2017,12,538.1047973632812,NLDAS_NOAH0125_M.A201712.020.nc
2018,1,560.6988525390625,NLDAS_NOAH0125_M.A201801.020.nc
2018,2,615.9092407226562,NLDAS_NOAH0125_M.A201802.020.nc
2018,3,612.807861328125,NLDAS_NOAH0125_M.A201803.020.nc
2018,4,579.4998168945312,NLDAS_NOAH0125_M.A201804.020.nc
2018,5,589.6685791015625,NLDAS_NOAH0125_M.A201805.020.nc
2018,6,595.1439819335938,NLDAS_NOAH0125_M.A201806.020.nc
2018,7,545.0288696289062,NLDAS_NOAH0125_M.A201807.020.nc
2018,8,530.9461669921875,NLDAS_NOAH0125_M.A201808.020.nc
2018,9,523.4840087890625,NLDAS_NOAH0125_M.A201809.020.nc
2018,10,584.2193603515625,NLDAS_NOAH0125_M.A201810.020.nc
2018,11,626.269287109375,NLDAS_NOAH0125_M.A201811.020.nc
2018,12,622.2142333984375,NLDAS_NOAH0125_M.A201812.020.nc
2019,1,621.2179565429688,NLDAS_NOAH0125_M.A201901.020.nc
2019,2,617.9119873046875,NLDAS_NOAH0125_M.A201902.020.nc
2019,3,606.1334228515625,NLDAS_NOAH0125_M.A201903.020.nc
2019,4,586.2201538085938,NLDAS_NOAH0125_M.A201904.020.nc
2019,5,601.4805297851562,NLDAS_NOAH0125_M.A201905.020.nc
2019,6,598.7970581054688,NLDAS_NOAH0125_M.A201906.020.nc
2019,7,566.205322265625,NLDAS_NOAH0125_M.A201907.020.nc
2019,8,531.8341064453125,NLDAS_NOAH0125_M.A201908.020.nc
2019,9,471.6470031738281,NLDAS_NOAH0125_M.A201909.020.nc
2019,10,426.0686340332031,NLDAS_NOAH0125_M.A201910.020.nc
2019,11,464.16168212890625,NLDAS_NOAH0125_M.A201911.020.nc
2019,12,543.2811889648438,NLDAS_NOAH0125_M.A201912.020.nc
2020,1,583.1422729492188,NLDAS_NOAH0125_M.A202001.020.nc
2020,2,597.132080078125,NLDAS_NOAH0125_M.A202002.020.nc
2020,3,586.7080688476562,NLDAS_NOAH0125_M.A202003.020.nc
2020,4,599.2787475585938,NLDAS_NOAH0125_M.A202004.020.nc
2020,5,584.82861328125,NLDAS_NOAH0125_M.A202005.020.nc
2020,6,536.5819091796875,NLDAS_NOAH0125_M.A202006.020.nc
2020,7,488.2691955566406,NLDAS_NOAH0125_M.A202007.020.nc
2020,8,472.248779296875,NLDAS_NOAH0125_M.A202008.020.nc
2020,9,431.43389892578125,NLDAS_NOAH0125_M.A202009.020.nc
2020,10,467.08306884765625,NLDAS_NOAH0125_M.A202010.020.nc
2020,11,543.5264282226562,NLDAS_NOAH0125_M.A202011.020.nc
2020,12,601.3513793945312,NLDAS_NOAH0125_M.A202012.020.nc
2021,1,597.70068359375,NLDAS_NOAH0125_M.A202101.020.nc
2021,2,592.6822509765625,NLDAS_NOAH0125_M.A202102.020.nc
2021,3,608.2779541015625,NLDAS_NOAH0125_M.A202103.020.nc
2021,4,594.1998901367188,NLDAS_NOAH0125_M.A202104.020.nc
2021,5,566.5264892578125,NLDAS_NOAH0125_M.A202105.020.nc
2021,6,560.3123168945312,NLDAS_NOAH0125_M.A202106.020.nc
2021,7,535.5711059570312,NLDAS_NOAH0125_M.A202107.020.nc
2021,8,523.3218383789062,NLDAS_NOAH0125_M.A202108.020.nc
2021,9,570.3602294921875,NLDAS_NOAH0125_M.A202109.020.nc
2021,10,536.8334350585938,NLDAS_NOAH0125_M.A202110.020.nc
2021,11,555.927734375,NLDAS_NOAH0125_M.A202111.020.nc
2021,12,544.65576171875,NLDAS_NOAH0125_M.A202112.020.nc
2022,1,574.3175048828125,NLDAS_NOAH0125_M.A202201.020.nc
2022,2,598.15283203125,NLDAS_NOAH0125_M.A202202.020.nc
2022,3,590.5240478515625,NLDAS_NOAH0125_M.A202203.020.nc
2022,4,612.0057373046875,NLDAS_NOAH0125_M.A202204.020.nc
2022,5,607.2914428710938,NLDAS_NOAH0125_M.A202205.020.nc
2022,6,564.5108642578125,NLDAS_NOAH0125_M.A202206.020.nc
2022,7,483.23919677734375,NLDAS_NOAH0125_M.A202207.020.nc
2022,8,427.3763427734375,NLDAS_NOAH0125_M.A202208.020.nc
2022,9,393.8302917480469,NLDAS_NOAH0125_M.A202209.020.nc
2022,10,460.1044921875,NLDAS_NOAH0125_M.A202210.020.nc
2022,11,493.8910217285156,NLDAS_NOAH0125_M.A202211.020.nc
2022,12,566.0365600585938,NLDAS_NOAH0125_M.A202212.020.nc
2023,1,603.9507446289062,NLDAS_NOAH0125_M.A202301.020.nc
2023,2,589.8067626953125,NLDAS_NOAH0125_M.A202302.020.nc
2023,3,588.7493896484375,NLDAS_NOAH0125_M.A202303.020.nc
2023,4,564.5353393554688,NLDAS_NOAH0125_M.A202304.020.nc
2023,5,575.8465576171875,NLDAS_NOAH0125_M.A202305.020.nc
2023,6,512.6276245117188,NLDAS_NOAH0125_M.A202306.020.nc
2023,7,510.59747314453125,NLDAS_NOAH0125_M.A202307.020.nc
2023,8,477.9022216796875,NLDAS_NOAH0125_M.A202308.020.nc
2023,9,469.03570556640625,NLDAS_NOAH0125_M.A202309.020.nc
2023,10,499.634521484375,NLDAS_NOAH0125_M.A202310.020.nc
2023,11,501.4360656738281,NLDAS_NOAH0125_M.A202311.020.nc
2023,12,597.1228637695312,NLDAS_NOAH0125_M.A202312.020.nc
2024,1,625.9354248046875,NLDAS_NOAH0125_M.A202401.020.nc
2024,2,595.3017578125,NLDAS_NOAH0125_M.A202402.020.nc
2024,3,617.965576171875,NLDAS_NOAH0125_M.A202403.020.nc
2024,4,615.6860961914062,NLDAS_NOAH0125_M.A202404.020.nc
2024,5,559.4849853515625,NLDAS_NOAH0125_M.A202405.020.nc
2024,6,517.2533569335938,NLDAS_NOAH0125_M.A202406.020.nc
2024,7,464.00299072265625,NLDAS_NOAH0125_M.A202407.020.nc
2024,8,480.6363525390625,NLDAS_NOAH0125_M.A202408.020.nc
2024,9,419.71600341796875,NLDAS_NOAH0125_M.A202409.020.nc
2024,10,376.1068420410156,NLDAS_NOAH0125_M.A202410.020.nc
2024,11,367.89593505859375,NLDAS_NOAH0125_M.A202411.020.nc
2024,12,431.7349548339844,NLDAS_NOAH0125_M.A202412.020.nc
2025,1,479.58575439453125,NLDAS_NOAH0125_M.A202501.020.nc
2025,2,504.6147766113281,NLDAS_NOAH0125_M.A202502.020.nc
2025,3,540.6832885742188,NLDAS_NOAH0125_M.A202503.020.nc
2025,4,574.1273193359375,NLDAS_NOAH0125_M.A202504.020.nc
2025,5,567.6091918945312,NLDAS_NOAH0125_M.A202505.020.nc
2025,6,567.8424072265625,NLDAS_NOAH0125_M.A202506.020.nc
2025,7,529.6460571289062,NLDAS_NOAH0125_M.A202507.020.nc
2025,8,468.28155517578125,NLDAS_NOAH0125_M.A202508.020.nc
2025,9,419.5146179199219,NLDAS_NOAH0125_M.A202509.020.nc
2025,10,393.9305419921875,NLDAS_NOAH0125_M.A202510.020.nc
2025,11,420.9185791015625,NLDAS_NOAH0125_M.A202511.020.nc
2025,12,469.6055908203125,NLDAS_NOAH0125_M.A202512.020.nc
